,,,,,,,,
Date,Salespersons,Product,Customers Names,Units,Price,Total Sale,Profit,State
30-12-2025,Suresh Menon,Nestle Maxibon Cookie,Amit Sharma,19,289,5491,1098.2,Maharashtra
30-12-2025,Anand Bakshi,Nestle Rowntree Fruit Pastil,Manoj Tiwari,50,248,12400,2480,Delhi
29-12-2025,Nithin Rao,Nestle Fab,Aditya Mishra,29,353,10237,2047.4,Uttar Pradesh
28-12-2025,Preeti Saini,Nestle Fab,Sonal Saxena,13,470,6110,1222,Karnataka
27-12-2025,Geeta Bali,Nestle Smarties Pop-Up,Deepak Chopra,28,246,6888,1377.6,Uttarakhand
26-12-2025,Praveen Shetty,Nestle Nobby Bobby,Rahul Singh,19,343,6517,1303.4,Goa
25-12-2025,Rohan Chatterjee,Nestle Milky Bar Stick,Meera Kulkarni,35,391,13685,2737,Karnataka
25-12-2025,Rohan Chatterjee,Nestle Rolo Potz,Arjun Malhotra,32,411,13152,2630.4,Uttar Pradesh
24-12-2025,Manish Agarwal,Nestle Kit Kat Cone,Neha Desai,37,307,11359,2271.8,Kerala
23-12-2025,Varun Kapoor,Nestle Kit Kat Cone,Meera Kulkarni,32,208,6656,1331.2,Jharkhand
23-12-2025,Varun Kapoor,Nestle Milky Bar Stick,Aditya Mishra,10,229,2290,458,West Bengal
23-12-2025,Anand Bakshi,Nestle Nobby Bobby,Sonal Saxena,21,367,7707,1541.4,Uttarakhand
23-12-2025,Alok Joshi,Nestle Toffee Crumble,Aditya Mishra,42,476,19992,3998.4,Maharashtra
21-12-2025,Varun Kapoor,Nestle Aero Mint Potz,Rahul Singh,38,316,12008,2401.6,Maharashtra
20-12-2025,Vivek Bansal,Nestle Aero Mint Potz,Riya Nair,33,469,15477,3095.4,Karnataka
20-12-2025,Swati Pandey,Nestle Fab,Arjun Malhotra,13,493,6409,1281.8,Delhi
20-12-2025,Shweta Bhatia,Nestle Fab,Sonal Saxena,41,360,14760,2952,Kerala
20-12-2025,Manish Agarwal,Nestle Maxibon Cookie,Amit Sharma,34,411,13974,2794.8,Delhi
20-12-2025,Manish Agarwal,Nestle Maxibon Cookie,Amit Sharma,41,233,9553,1910.6,Himachal Pradesh
20-12-2025,Nithin Rao,Nestle Nobby Bobby,Neha Desai,36,224,8064,1612.8,Kerala
19-12-2025,Rohan Chatterjee,Nestle Aero Mint Potz,Kavita Joshi,22,499,10978,2195.6,West Bengal
19-12-2025,Alok Joshi,Nestle Maxibon Cookie,Arjun Malhotra,29,296,8584,1716.8,Kerala
19-12-2025,Geeta Bali,Nestle Nobby Bobby,Rajesh Kumar,30,340,10200,2040,Delhi
18-12-2025,Anand Bakshi,Nestle Maxibon Cookie,Neha Desai,28,405,11340,2268,Maharashtra
18-12-2025,Preeti Saini,Nestle Milky Bar Stick,Rahul Singh,43,312,13416,2683.2,Gujarat
17-12-2025,Praveen Shetty,Nestle Rowntree Fruit Pastil,Rajesh Kumar,11,411,4521,904.2,West Bengal
16-12-2025,Praveen Shetty,Nestle Aero Mint Potz,Manoj Tiwari,46,292,13432,2686.4,Gujarat
16-12-2025,Nithin Rao,Nestle Smarties Pop-Up,Deepak Chopra,46,350,16100,3220,Himachal Pradesh
13-12-2025,Nithin Rao,Nestle Rowntree Fruit Pastil,Sanjay Mehta,49,328,16072,3214.4,Goa
13-12-2025,Praveen Shetty,Nestle Rowntree Fruit Pastil,Neha Desai,11,282,3102,620.4,Telangana
13-12-2025,Nithin Rao,Nestle Smarties Pop-Up,Arjun Malhotra,26,470,12220,2444,Himachal Pradesh
13-12-2025,Suresh Menon,Nestle Smarties Pop-Up,Pooja Iyer,36,417,15012,3002.4,Uttar Pradesh
12-12-2025,Anand Bakshi,Nestle Toffee Crumble,Amit Sharma,19,422,8018,1603.6,Uttar Pradesh
11-12-2025,Praveen Shetty,Nestle Rowntree Fruit Pastil,Karthik Gowda,45,283,12735,2547,Uttarakhand
11-12-2025,Anand Bakshi,Nestle Rowntree Fruit Pastil,Riya Nair,31,257,7967,1593.4,Gujarat
09-12-2025,Manish Agarwal,Nestle Fab,Deepak Chopra,22,301,6622,1324.4,Jharkhand
08-12-2025,Anand Bakshi,Nestle Toffee Crumble,Arjun Malhotra,31,337,10447,2089.4,Gujarat
07-12-2025,Swati Pandey,Nestle Rowntree Fruit Pastil,Priya Patel,50,327,16350,3270,Gujarat
06-12-2025,Geeta Bali,Nestle Aero Mint Potz,Priya Patel,31,246,7626,1525.2,Uttarakhand
06-12-2025,Geeta Bali,Nestle Rolo Potz,Sneha Gupta,11,229,2519,503.8,Delhi
06-12-2025,Varun Kapoor,Nestle Rowntree Fruit Pastil,Riya Nair,35,294,10290,2058,Himachal Pradesh
05-12-2025,Kiran Rao,Nestle Kit Kat Cone,Kavita Joshi,35,271,9485,1897,West Bengal
05-12-2025,Shweta Bhatia,Nestle Rolo Potz,Sanjay Mehta,46,394,18124,3624.8,Karnataka
03-12-2025,Varun Kapoor,Nestle Rolo Potz,Sneha Gupta,21,499,10479,2095.8,Rajasthan
03-12-2025,Suresh Menon,Nestle Rowntree Fruit Pastil,Sanjay Mehta,49,479,23471,4694.2,Jharkhand
01-12-2025,Geeta Bali,Nestle Maxibon Cookie,Ravi Pillai,11,211,2321,464.2,Maharashtra
30-11-2025,Geeta Bali,Nestle Rolo Potz,Manoj Tiwari,31,425,13175,2635,Rajasthan
30-11-2025,Kiran Rao,Nestle Smarties Pop-Up,Anjali Verma,45,480,21600,4320,Karnataka
30-11-2025,Suresh Menon,Nestle Toffee Crumble,Sanjay Mehta,18,353,6354,1270.8,Himachal Pradesh
28-11-2025,Vishal Saxena,Nestle Aero Mint Potz,Karthik Gowda,15,480,7200,1440,Maharashtra
27-11-2025,Preeti Saini,Nestle Milky Bar Stick,Rahul Singh,29,285,8265,1653,Karnataka
24-11-2025,Preeti Saini,Nestle Maxibon Cookie,Pooja Iyer,22,226,4972,994.4,Kerala
24-11-2025,Alok Joshi,Nestle Nobby Bobby,Neha Desai,35,452,15820,3164,Goa
24-11-2025,Preeti Saini,Nestle Nobby Bobby,Amit Sharma,37,241,8917,1783.4,Uttarakhand
24-11-2025,Divya Khurana,Nestle Smarties Pop-Up,Deepak Chopra,47,340,15980,3196,Gujarat
24-11-2025,Sandeep Kaur,Nestle Toffee Crumble,Priya Patel,50,339,16950,3390,Telangana
21-11-2025,Anand Bakshi,Nestle Nobby Bobby,Deepak Chopra,25,387,9675,1935,West Bengal
20-11-2025,Shweta Bhatia,Nestle Rowntree Fruit Pastil,Anjali Verma,47,473,22231,4446.2,West Bengal
19-11-2025,Manish Agarwal,Nestle Rolo Potz,Arjun Malhotra,10,288,2880,576,Himachal Pradesh
18-11-2025,Kiran Rao,Nestle Fab,Rajesh Kumar,21,413,8673,1734.6,Rajasthan
17-11-2025,Geeta Bali,Nestle Aero Mint Potz,Amit Sharma,20,391,7820,1564,Delhi
17-11-2025,Sandeep Kaur,Nestle Maxibon Cookie,Sanjay Mehta,11,366,4026,805.2,Kerala
17-11-2025,Manish Agarwal,Nestle Rolo Potz,Aditya Mishra,47,352,16544,3308.8,Uttarakhand
16-11-2025,Rakesh Yadav,Nestle Maxibon Cookie,Meera Kulkarni,25,239,5975,1195,Goa
16-11-2025,Manish Agarwal,Nestle Toffee Crumble,Rajesh Kumar,41,316,12956,2591.2,Maharashtra
15-11-2025,Alok Joshi,Nestle Aero Mint Potz,Sanjay Mehta,36,201,7236,1447.2,Himachal Pradesh
14-11-2025,Shweta Bhatia,Nestle Fab,Vikram Reddy,45,278,12510,2502,Delhi
12-11-2025,Swati Pandey,Nestle Kit Kat Cone,Neha Desai,46,441,20286,4057.2,Goa
12-11-2025,Vishal Saxena,Nestle Milky Bar Stick,Manoj Tiwari,31,468,14508,2901.6,Rajasthan
12-11-2025,Nithin Rao,Nestle Nobby Bobby,Anjali Verma,12,428,5136,1027.2,Kerala
12-11-2025,Harsh Goel,Nestle Smarties Pop-Up,Meera Kulkarni,18,487,8766,1753.2,Maharashtra
11-11-2025,Praveen Shetty,Nestle Rolo Potz,Meera Kulkarni,17,458,7786,1557.2,Telangana
11-11-2025,Nithin Rao,Nestle Rolo Potz,Aditya Mishra,18,343,6174,1234.8,Telangana
11-11-2025,Manish Agarwal,Nestle Smarties Pop-Up,Sanjay Mehta,17,239,4063,812.6,West Bengal
09-11-2025,Rohan Chatterjee,Nestle Kit Kat Cone,Karthik Gowda,16,236,3776,755.2,Uttar Pradesh
09-11-2025,Varun Kapoor,Nestle Toffee Crumble,Neha Desai,33,304,10032,2006.4,Goa
08-11-2025,Preeti Saini,Nestle Milky Bar Stick,Sonal Saxena,27,247,6669,1333.8,Gujarat
08-11-2025,Kiran Rao,Nestle Rowntree Fruit Pastil,Amit Sharma,28,360,10080,2016,Uttarakhand
06-11-2025,Anand Bakshi,Nestle Toffee Crumble,Meera Kulkarni,25,477,11925,2385,Rajasthan
03-11-2025,Anand Bakshi,Nestle Aero Mint Potz,Aditya Mishra,10,493,4930,986,Kerala
03-11-2025,Preeti Saini,Nestle Fab,Kavita Joshi,13,238,3094,618.8,Jharkhand
03-11-2025,Anand Bakshi,Nestle Rolo Potz,Karthik Gowda,46,241,11086,2217.2,Karnataka
02-11-2025,Nithin Rao,Nestle Aero Mint Potz,Kavita Joshi,36,412,14832,2966.4,Jammu and Kashmir
02-11-2025,Nithin Rao,Nestle Maxibon Cookie,Meera Kulkarni,19,253,4807,961.4,Himachal Pradesh
01-11-2025,Anand Bakshi,Nestle Kit Kat Cone,Aditya Mishra,10,413,4130,826,Karnataka
01-11-2025,Shweta Bhatia,Nestle Maxibon Cookie,Sneha Gupta,11,368,4048,809.6,Uttarakhand
01-11-2025,Vishal Saxena,Nestle Nobby Bobby,Priya Patel,14,223,3122,624.4,Uttar Pradesh
30-10-2025,Vishal Saxena,Nestle Fab,Sanjay Mehta,33,364,12012,2402.4,Karnataka
30-10-2025,Rohan Chatterjee,Nestle Fab,Sneha Gupta,29,247,7163,1432.6,Telangana
28-10-2025,Vivek Bansal,Nestle Rowntree Fruit Pastil,Neha Desai,17,312,5304,1060.8,Uttar Pradesh
27-10-2025,Shweta Bhatia,Nestle Fab,Rajesh Kumar,11,239,2629,525.8,Maharashtra
27-10-2025,Varun Kapoor,Nestle Nobby Bobby,Riya Nair,41,415,17015,3403,Goa
27-10-2025,Rakesh Yadav,Nestle Rolo Potz,Manoj Tiwari,18,447,8046,1609.2,Kerala
26-10-2025,Divya Khurana,Nestle Nobby Bobby,Sneha Gupta,43,359,15437,3087.4,Maharashtra
26-10-2025,Manish Agarwal,Nestle Rolo Potz,Ravi Pillai,35,397,13895,2779,Telangana
26-10-2025,Suresh Menon,Nestle Smarties Pop-Up,Sonal Saxena,23,337,7751,1550.2,Delhi
25-10-2025,Vishal Saxena,Nestle Fab,Amit Sharma,22,324,7128,1425.6,Rajasthan
25-10-2025,Varun Kapoor,Nestle Maxibon Cookie,Vikram Reddy,16,482,7712,1542.4,Uttarakhand
21-10-2025,Nithin Rao,Nestle Rowntree Fruit Pastil,Pooja Iyer,14,404,5656,1131.2,Rajasthan
21-10-2025,Alok Joshi,Nestle Rowntree Fruit Pastil,Arjun Malhotra,20,312,6240,1248,Jharkhand
20-10-2025,Rohan Chatterjee,Nestle Kit Kat Cone,Sonal Saxena,40,488,19520,3904,Kerala
20-10-2025,Vivek Bansal,Nestle Maxibon Cookie,Ravi Pillai,14,496,6944,1388.8,Uttar Pradesh
19-10-2025,Varun Kapoor,Nestle Rolo Potz,Kavita Joshi,26,430,11180,2236,Goa
19-10-2025,Kiran Rao,Nestle Smarties Pop-Up,Meera Kulkarni,44,364,16016,3203.2,Goa
18-10-2025,Tarun Jain,Nestle Milky Bar Stick,Ravi Pillai,50,435,21750,4350,Jammu and Kashmir
17-10-2025,Manish Agarwal,Nestle Milky Bar Stick,Priya Patel,10,362,3620,724,Jammu and Kashmir
17-10-2025,Geeta Bali,Nestle Nobby Bobby,Sanjay Mehta,35,384,13440,2688,Jharkhand
17-10-2025,Sandeep Kaur,Nestle Nobby Bobby,Sanjay Mehta,23,372,8556,1711.2,Maharashtra
17-10-2025,Tarun Jain,Nestle Smarties Pop-Up,Amit Sharma,39,392,15288,3057.6,Maharashtra
17-10-2025,Sandeep Kaur,Nestle Toffee Crumble,Priya Patel,21,248,5208,1041.6,Uttar Pradesh
16-10-2025,Rohan Chatterjee,Nestle Aero Mint Potz,Sonal Saxena,32,398,12736,2547.2,Uttar Pradesh
16-10-2025,Vivek Bansal,Nestle Rowntree Fruit Pastil,Riya Nair,15,496,7440,1488,Uttar Pradesh
16-10-2025,Harsh Goel,Nestle Smarties Pop-Up,Meera Kulkarni,45,262,11790,2358,Goa
15-10-2025,Swati Pandey,Nestle Nobby Bobby,Rajesh Kumar,19,495,9405,1881,Gujarat
14-10-2025,Geeta Bali,Nestle Kit Kat Cone,Rajesh Kumar,45,420,18900,3780,Maharashtra
13-10-2025,Varun Kapoor,Nestle Aero Mint Potz,Sanjay Mehta,42,294,12348,2469.6,Karnataka
13-10-2025,Suresh Menon,Nestle Maxibon Cookie,Sanjay Mehta,44,348,15312,3062.4,Uttar Pradesh
13-10-2025,Swati Pandey,Nestle Toffee Crumble,Anjali Verma,28,258,7224,1444.8,Karnataka
12-10-2025,Manish Agarwal,Nestle Milky Bar Stick,Amit Sharma,26,235,6110,1222,Himachal Pradesh
10-10-2025,Harsh Goel,Nestle Nobby Bobby,Anjali Verma,48,326,15648,3129.6,Telangana
10-10-2025,Anand Bakshi,Nestle Rolo Potz,Rahul Singh,15,350,5250,1050,Himachal Pradesh
09-10-2025,Suresh Menon,Nestle Fab,Meera Kulkarni,40,496,19840,3968,Kerala
09-10-2025,Praveen Shetty,Nestle Nobby Bobby,Priya Patel,35,215,7525,1505,Telangana
09-10-2025,Shweta Bhatia,Nestle Rowntree Fruit Pastil,Sonal Saxena,16,375,6000,1200,Uttar Pradesh
08-10-2025,Geeta Bali,Nestle Rolo Potz,Sneha Gupta,24,270,6480,1296,Karnataka
08-10-2025,Divya Khurana,Nestle Smarties Pop-Up,Priya Patel,10,365,3650,730,Gujarat
07-10-2025,Vivek Bansal,Nestle Fab,Pooja Iyer,17,396,6732,1346.4,Jammu and Kashmir
07-10-2025,Sandeep Kaur,Nestle Fab,Sonal Saxena,42,335,14070,2814,Gujarat
07-10-2025,Praveen Shetty,Nestle Nobby Bobby,Sneha Gupta,33,394,13002,2600.4,Telangana
07-10-2025,Shweta Bhatia,Nestle Smarties Pop-Up,Neha Desai,30,256,7680,1536,Delhi
07-10-2025,Rakesh Yadav,Nestle Toffee Crumble,Anjali Verma,45,459,20655,4131,Uttar Pradesh
06-10-2025,Geeta Bali,Nestle Maxibon Cookie,Neha Desai,22,249,5478,1095.6,Rajasthan
05-10-2025,Harsh Goel,Nestle Maxibon Cookie,Vikram Reddy,48,341,16368,3273.6,Goa
05-10-2025,Manish Agarwal,Nestle Maxibon Cookie,Rahul Singh,40,253,10120,2024,Maharashtra
01-10-2025,Tarun Jain,Nestle Fab,Rajesh Kumar,50,307,15350,3070,Jammu and Kashmir
01-10-2025,Swati Pandey,Nestle Toffee Crumble,Meera Kulkarni,37,384,14208,2841.6,Jammu and Kashmir
30-09-2025,Preeti Saini,Nestle Kit Kat Cone,Rahul Singh,25,299,7475,1495,Karnataka
30-09-2025,Vivek Bansal,Nestle Nobby Bobby,Rajesh Kumar,44,392,17248,3449.6,Kerala
30-09-2025,Vishal Saxena,Nestle Rolo Potz,Manoj Tiwari,17,464,7888,1577.6,Himachal Pradesh
29-09-2025,Preeti Saini,Nestle Smarties Pop-Up,Amit Sharma,23,246,5658,1131.6,Himachal Pradesh
28-09-2025,Manish Agarwal,Nestle Maxibon Cookie,Manoj Tiwari,34,328,11152,2230.4,Uttarakhand
28-09-2025,Kiran Rao,Nestle Nobby Bobby,Aditya Mishra,14,365,5110,1022,Karnataka
28-09-2025,Varun Kapoor,Nestle Smarties Pop-Up,Manoj Tiwari,34,258,8772,1754.4,Karnataka
27-09-2025,Preeti Saini,Nestle Maxibon Cookie,Rahul Singh,44,425,18700,3740,Rajasthan
22-09-2025,Divya Khurana,Nestle Fab,Meera Kulkarni,27,313,8451,1690.2,Jammu and Kashmir
22-09-2025,Swati Pandey,Nestle Rolo Potz,Kavita Joshi,44,396,17424,3484.8,Goa
22-09-2025,Tarun Jain,Nestle Rowntree Fruit Pastil,Sneha Gupta,10,498,4980,996,Himachal Pradesh
21-09-2025,Vishal Saxena,Nestle Maxibon Cookie,Manoj Tiwari,17,326,5542,1108.4,Jammu and Kashmir
20-09-2025,Vivek Bansal,Nestle Nobby Bobby,Amit Sharma,31,288,8928,1785.6,Delhi
18-09-2025,Harsh Goel,Nestle Toffee Crumble,Aditya Mishra,34,452,15368,3073.6,Delhi
16-09-2025,Preeti Saini,Nestle Rolo Potz,Sonal Saxena,12,409,4908,981.6,Uttarakhand
15-09-2025,Vishal Saxena,Nestle Aero Mint Potz,Priya Patel,42,429,18018,3603.6,Telangana
15-09-2025,Praveen Shetty,Nestle Rolo Potz,Sanjay Mehta,15,334,5010,1002,Gujarat
15-09-2025,Rohan Chatterjee,Nestle Rowntree Fruit Pastil,Sonal Saxena,37,402,14874,2974.8,West Bengal
15-09-2025,Harsh Goel,Nestle Smarties Pop-Up,Manoj Tiwari,17,346,5882,1176.4,Kerala
14-09-2025,Varun Kapoor,Nestle Milky Bar Stick,Ravi Pillai,30,303,9090,1818,Jharkhand
13-09-2025,Swati Pandey,Nestle Rowntree Fruit Pastil,Sneha Gupta,26,460,11960,2392,Kerala
12-09-2025,Anand Bakshi,Nestle Fab,Ravi Pillai,21,346,7266,1453.2,Uttar Pradesh
12-09-2025,Manish Agarwal,Nestle Maxibon Cookie,Deepak Chopra,28,214,5992,1198.4,West Bengal
11-09-2025,Swati Pandey,Nestle Kit Kat Cone,Karthik Gowda,32,370,11840,2368,Uttar Pradesh
11-09-2025,Swati Pandey,Nestle Nobby Bobby,Kavita Joshi,41,492,20172,4034.4,Jharkhand
11-09-2025,Sandeep Kaur,Nestle Toffee Crumble,Meera Kulkarni,10,353,3530,706,Goa
10-09-2025,Nithin Rao,Nestle Fab,Meera Kulkarni,26,347,9022,1804.4,Delhi
10-09-2025,Vivek Bansal,Nestle Maxibon Cookie,Amit Sharma,16,246,3936,787.2,Karnataka
10-09-2025,Shweta Bhatia,Nestle Nobby Bobby,Vikram Reddy,14,368,5152,1030.4,Rajasthan
09-09-2025,Anand Bakshi,Nestle Aero Mint Potz,Sneha Gupta,23,438,10074,2014.8,Kerala
09-09-2025,Rakesh Yadav,Nestle Fab,Neha Desai,23,304,6992,1398.4,Jammu and Kashmir
09-09-2025,Rohan Chatterjee,Nestle Kit Kat Cone,Vikram Reddy,41,264,10824,2164.8,West Bengal
09-09-2025,Preeti Saini,Nestle Maxibon Cookie,Sanjay Mehta,35,422,14770,2954,Jharkhand
09-09-2025,Divya Khurana,Nestle Nobby Bobby,Amit Sharma,13,348,4524,904.8,Rajasthan
09-09-2025,Rakesh Yadav,Nestle Rowntree Fruit Pastil,Amit Sharma,18,309,5562,1112.4,Kerala
08-09-2025,Shweta Bhatia,Nestle Milky Bar Stick,Anjali Verma,32,382,12224,2444.8,Kerala
08-09-2025,Divya Khurana,Nestle Nobby Bobby,Karthik Gowda,19,490,9310,1862,West Bengal
08-09-2025,Kiran Rao,Nestle Toffee Crumble,Sanjay Mehta,38,313,11894,2378.8,West Bengal
08-09-2025,Suresh Menon,Nestle Toffee Crumble,Aditya Mishra,18,214,3852,770.4,Karnataka
07-09-2025,Rohan Chatterjee,Nestle Kit Kat Cone,Riya Nair,19,430,8170,1634,Uttar Pradesh
07-09-2025,Rakesh Yadav,Nestle Nobby Bobby,Pooja Iyer,22,325,7150,1430,Rajasthan
06-09-2025,Swati Pandey,Nestle Aero Mint Potz,Anjali Verma,42,384,16128,3225.6,Telangana
06-09-2025,Suresh Menon,Nestle Toffee Crumble,Ravi Pillai,34,481,16354,3270.8,Rajasthan
06-09-2025,Suresh Menon,Nestle Toffee Crumble,Arjun Malhotra,26,324,8424,1684.8,Telangana
05-09-2025,Sandeep Kaur,Nestle Aero Mint Potz,Meera Kulkarni,16,432,6912,1382.4,Goa
05-09-2025,Shweta Bhatia,Nestle Nobby Bobby,Sanjay Mehta,11,344,3784,756.8,Jammu and Kashmir
04-09-2025,Praveen Shetty,Nestle Aero Mint Potz,Ravi Pillai,29,256,7424,1484.8,Goa
04-09-2025,Manish Agarwal,Nestle Milky Bar Stick,Sanjay Mehta,21,415,8715,1743,Jharkhand
03-09-2025,Sandeep Kaur,Nestle Smarties Pop-Up,Pooja Iyer,28,420,11760,2352,Himachal Pradesh
02-09-2025,Shweta Bhatia,Nestle Aero Mint Potz,Priya Patel,19,409,7771,1554.2,Uttar Pradesh
01-09-2025,Kiran Rao,Nestle Kit Kat Cone,Karthik Gowda,33,218,7194,1438.8,Karnataka
01-09-2025,Swati Pandey,Nestle Milky Bar Stick,Rahul Singh,20,282,5640,1128,Uttarakhand
31-08-2025,Preeti Saini,Nestle Maxibon Cookie,Sneha Gupta,44,364,16016,3203.2,Maharashtra
31-08-2025,Suresh Menon,Nestle Nobby Bobby,Anjali Verma,16,346,5536,1107.2,Goa
30-08-2025,Preeti Saini,Nestle Fab,Rajesh Kumar,16,224,3584,716.8,Karnataka
30-08-2025,Harsh Goel,Nestle Kit Kat Cone,Sneha Gupta,41,458,18778,3755.6,Jammu and Kashmir
30-08-2025,Harsh Goel,Nestle Kit Kat Cone,Ravi Pillai,44,264,11616,2323.2,Telangana
29-08-2025,Manish Agarwal,Nestle Aero Mint Potz,Anjali Verma,20,445,8900,1780,West Bengal
29-08-2025,Shweta Bhatia,Nestle Fab,Riya Nair,29,236,6844,1368.8,Telangana
29-08-2025,Divya Khurana,Nestle Milky Bar Stick,Kavita Joshi,17,257,4369,873.8,Himachal Pradesh
29-08-2025,Geeta Bali,Nestle Nobby Bobby,Anjali Verma,24,286,6864,1372.8,Uttarakhand
29-08-2025,Alok Joshi,Nestle Smarties Pop-Up,Deepak Chopra,29,322,9338,1867.6,Uttar Pradesh
28-08-2025,Vishal Saxena,Nestle Fab,Pooja Iyer,38,499,18962,3792.4,Karnataka
26-08-2025,Praveen Shetty,Nestle Smarties Pop-Up,Sanjay Mehta,46,272,12512,2502.4,Uttar Pradesh
25-08-2025,Shweta Bhatia,Nestle Rowntree Fruit Pastil,Kavita Joshi,36,376,13536,2707.2,Uttarakhand
23-08-2025,Sandeep Kaur,Nestle Maxibon Cookie,Vikram Reddy,45,376,16920,3384,Rajasthan
23-08-2025,Varun Kapoor,Nestle Toffee Crumble,Vikram Reddy,37,237,8769,1753.8,Karnataka
22-08-2025,Nithin Rao,Nestle Smarties Pop-Up,Manoj Tiwari,42,487,20454,4090.8,Gujarat
20-08-2025,Rakesh Yadav,Nestle Rolo Potz,Priya Patel,31,358,11098,2219.6,Jharkhand
19-08-2025,Vishal Saxena,Nestle Rowntree Fruit Pastil,Rajesh Kumar,33,313,10329,2065.8,Kerala
19-08-2025,Preeti Saini,Nestle Toffee Crumble,Manoj Tiwari,50,385,19250,3850,Maharashtra
18-08-2025,Alok Joshi,Nestle Aero Mint Potz,Amit Sharma,11,232,2552,510.4,Jharkhand
16-08-2025,Shweta Bhatia,Nestle Smarties Pop-Up,Pooja Iyer,32,375,12000,2400,Karnataka
14-08-2025,Rakesh Yadav,Nestle Maxibon Cookie,Ravi Pillai,17,308,5236,1047.2,West Bengal
14-08-2025,Suresh Menon,Nestle Rowntree Fruit Pastil,Anjali Verma,47,290,13630,2726,Gujarat
12-08-2025,Divya Khurana,Nestle Aero Mint Potz,Pooja Iyer,35,409,14315,2863,Uttar Pradesh
11-08-2025,Tarun Jain,Nestle Aero Mint Potz,Sonal Saxena,17,233,3961,792.2,Goa
09-08-2025,Vivek Bansal,Nestle Toffee Crumble,Rahul Singh,38,207,7866,1573.2,Jharkhand
08-08-2025,Shweta Bhatia,Nestle Rolo Potz,Pooja Iyer,32,371,11872,2374.4,Goa
08-08-2025,Shweta Bhatia,Nestle Toffee Crumble,Amit Sharma,13,239,3107,621.4,Delhi
06-08-2025,Geeta Bali,Nestle Maxibon Cookie,Arjun Malhotra,24,242,5808,1161.6,Himachal Pradesh
06-08-2025,Tarun Jain,Nestle Rolo Potz,Sneha Gupta,38,363,13794,2758.8,Maharashtra
05-08-2025,Rakesh Yadav,Nestle Nobby Bobby,Riya Nair,13,298,3874,774.8,Maharashtra
04-08-2025,Manish Agarwal,Nestle Fab,Neha Desai,17,215,3655,731,Jharkhand
04-08-2025,Swati Pandey,Nestle Toffee Crumble,Riya Nair,11,246,2706,541.2,Telangana
02-08-2025,Geeta Bali,Nestle Nobby Bobby,Sneha Gupta,22,332,7304,1460.8,Telangana
02-08-2025,Divya Khurana,Nestle Nobby Bobby,Sonal Saxena,43,285,12255,2451,Goa
01-08-2025,Tarun Jain,Nestle Rolo Potz,Sonal Saxena,34,338,11492,2298.4,Rajasthan
01-08-2025,Divya Khurana,Nestle Smarties Pop-Up,Priya Patel,13,409,5317,1063.4,Himachal Pradesh
30-07-2025,Nithin Rao,Nestle Nobby Bobby,Karthik Gowda,26,472,12272,2454.4,West Bengal
30-07-2025,Swati Pandey,Nestle Toffee Crumble,Rahul Singh,42,465,19530,3906,Delhi
29-07-2025,Vishal Saxena,Nestle Kit Kat Cone,Rajesh Kumar,44,340,14960,2992,Uttar Pradesh
29-07-2025,Vivek Bansal,Nestle Smarties Pop-Up,Amit Sharma,11,310,3410,682,Karnataka
28-07-2025,Tarun Jain,Nestle Milky Bar Stick,Karthik Gowda,39,342,13338,2667.6,Goa
28-07-2025,Alok Joshi,Nestle Rolo Potz,Sonal Saxena,23,303,6969,1393.8,Telangana
27-07-2025,Preeti Saini,Nestle Milky Bar Stick,Aditya Mishra,16,245,3920,784,Delhi
26-07-2025,Swati Pandey,Nestle Maxibon Cookie,Manoj Tiwari,29,500,14500,2900,Telangana
25-07-2025,Rakesh Yadav,Nestle Nobby Bobby,Vikram Reddy,25,417,10425,2085,Jharkhand
25-07-2025,Alok Joshi,Nestle Rowntree Fruit Pastil,Sneha Gupta,35,335,11725,2345,Uttarakhand
24-07-2025,Rohan Chatterjee,Nestle Aero Mint Potz,Meera Kulkarni,29,298,8642,1728.4,Jammu and Kashmir
23-07-2025,Anand Bakshi,Nestle Fab,Anjali Verma,15,356,5340,1068,Himachal Pradesh
22-07-2025,Varun Kapoor,Nestle Kit Kat Cone,Riya Nair,22,437,9614,1922.8,Maharashtra
22-07-2025,Vivek Bansal,Nestle Milky Bar Stick,Kavita Joshi,32,377,12064,2412.8,Rajasthan
21-07-2025,Shweta Bhatia,Nestle Rowntree Fruit Pastil,Amit Sharma,18,487,8766,1753.2,Jharkhand
21-07-2025,Manish Agarwal,Nestle Rowntree Fruit Pastil,Manoj Tiwari,40,287,11480,2296,Karnataka
19-07-2025,Kiran Rao,Nestle Toffee Crumble,Aditya Mishra,28,358,10024,2004.8,Jammu and Kashmir
18-07-2025,Kiran Rao,Nestle Fab,Amit Sharma,25,219,5475,1095,Delhi
16-07-2025,Suresh Menon,Nestle Aero Mint Potz,Kavita Joshi,49,397,19453,3890.6,West Bengal
16-07-2025,Vishal Saxena,Nestle Fab,Amit Sharma,12,434,5208,1041.6,Gujarat
16-07-2025,Harsh Goel,Nestle Rowntree Fruit Pastil,Rahul Singh,15,460,6900,1380,Delhi
15-07-2025,Sandeep Kaur,Nestle Fab,Rajesh Kumar,41,232,9512,1902.4,Gujarat
15-07-2025,Alok Joshi,Nestle Nobby Bobby,Amit Sharma,11,421,4631,926.2,Kerala
14-07-2025,Vivek Bansal,Nestle Maxibon Cookie,Neha Desai,45,222,9990,1998,Gujarat
14-07-2025,Alok Joshi,Nestle Milky Bar Stick,Vikram Reddy,16,485,7760,1552,Rajasthan
14-07-2025,Tarun Jain,Nestle Rowntree Fruit Pastil,Sonal Saxena,10,426,4260,852,Kerala
11-07-2025,Geeta Bali,Nestle Toffee Crumble,Sonal Saxena,43,396,17028,3405.6,Uttar Pradesh
08-07-2025,Rohan Chatterjee,Nestle Rolo Potz,Ravi Pillai,16,471,7536,1507.2,Uttar Pradesh
08-07-2025,Divya Khurana,Nestle Rolo Potz,Sonal Saxena,39,453,17667,3533.4,Himachal Pradesh
08-07-2025,Varun Kapoor,Nestle Rowntree Fruit Pastil,Manoj Tiwari,38,291,11058,2211.6,Delhi
08-07-2025,Manish Agarwal,Nestle Smarties Pop-Up,Sanjay Mehta,40,349,13960,2792,Goa
07-07-2025,Preeti Saini,Nestle Aero Mint Potz,Sneha Gupta,17,281,4777,955.4,Karnataka
06-07-2025,Vivek Bansal,Nestle Smarties Pop-Up,Amit Sharma,19,430,8170,1634,West Bengal
04-07-2025,Manish Agarwal,Nestle Aero Mint Potz,Riya Nair,22,399,8778,1755.6,Karnataka
04-07-2025,Alok Joshi,Nestle Fab,Karthik Gowda,34,351,11934,2386.8,Goa
04-07-2025,Sandeep Kaur,Nestle Kit Kat Cone,Anjali Verma,18,279,5022,1004.4,Uttarakhand
02-07-2025,Sandeep Kaur,Nestle Aero Mint Potz,Meera Kulkarni,32,372,11904,2380.8,Delhi
02-07-2025,Tarun Jain,Nestle Kit Kat Cone,Sonal Saxena,22,499,10978,2195.6,Rajasthan
02-07-2025,Nithin Rao,Nestle Rowntree Fruit Pastil,Sonal Saxena,13,350,4550,910,Jammu and Kashmir
01-07-2025,Anand Bakshi,Nestle Nobby Bobby,Aditya Mishra,21,491,10311,2062.2,Telangana
30-06-2025,Vishal Saxena,Nestle Aero Mint Potz,Riya Nair,46,435,20010,4002,Himachal Pradesh
30-06-2025,Kiran Rao,Nestle Rowntree Fruit Pastil,Kavita Joshi,40,362,14480,2896,Maharashtra
30-06-2025,Praveen Shetty,Nestle Smarties Pop-Up,Pooja Iyer,36,305,10980,2196,Uttar Pradesh
28-06-2025,Kiran Rao,Nestle Aero Mint Potz,Aditya Mishra,41,295,12095,2419,Gujarat
28-06-2025,Manish Agarwal,Nestle Fab,Meera Kulkarni,16,237,3792,758.4,Rajasthan
27-06-2025,Anand Bakshi,Nestle Fab,Meera Kulkarni,30,474,14220,2844,Rajasthan
26-06-2025,Harsh Goel,Nestle Milky Bar Stick,Rajesh Kumar,19,350,6650,1330,Jammu and Kashmir
24-06-2025,Anand Bakshi,Nestle Fab,Karthik Gowda,38,368,13984,2796.8,Uttarakhand
23-06-2025,Preeti Saini,Nestle Nobby Bobby,Sneha Gupta,28,353,9884,1976.8,Uttar Pradesh
22-06-2025,Harsh Goel,Nestle Fab,Sneha Gupta,26,374,9724,1944.8,West Bengal
21-06-2025,Anand Bakshi,Nestle Aero Mint Potz,Pooja Iyer,40,213,8520,1704,Delhi
21-06-2025,Harsh Goel,Nestle Fab,Aditya Mishra,15,201,3015,603,Telangana
21-06-2025,Sandeep Kaur,Nestle Rolo Potz,Rahul Singh,48,284,13632,2726.4,Uttar Pradesh
20-06-2025,Shweta Bhatia,Nestle Aero Mint Potz,Rajesh Kumar,19,447,8493,1698.6,West Bengal
19-06-2025,Rakesh Yadav,Nestle Milky Bar Stick,Arjun Malhotra,26,455,11830,2366,Maharashtra
19-06-2025,Sandeep Kaur,Nestle Nobby Bobby,Karthik Gowda,22,332,7304,1460.8,Karnataka
19-06-2025,Harsh Goel,Nestle Rowntree Fruit Pastil,Sneha Gupta,17,484,8228,1645.6,Karnataka
18-06-2025,Vishal Saxena,Nestle Maxibon Cookie,Meera Kulkarni,10,311,3110,622,Telangana
17-06-2025,Suresh Menon,Nestle Kit Kat Cone,Neha Desai,22,367,8074,1614.8,Maharashtra
17-06-2025,Manish Agarwal,Nestle Kit Kat Cone,Riya Nair,17,235,3995,799,Rajasthan
17-06-2025,Harsh Goel,Nestle Toffee Crumble,Pooja Iyer,16,325,5200,1040,Jammu and Kashmir
16-06-2025,Harsh Goel,Nestle Maxibon Cookie,Vikram Reddy,34,448,15232,3046.4,Kerala
15-06-2025,Geeta Bali,Nestle Fab,Karthik Gowda,13,339,4407,881.4,Goa
14-06-2025,Anand Bakshi,Nestle Fab,Rahul Singh,26,291,7566,1513.2,West Bengal
13-06-2025,Suresh Menon,Nestle Aero Mint Potz,Pooja Iyer,42,318,13356,2671.2,Himachal Pradesh
12-06-2025,Rohan Chatterjee,Nestle Aero Mint Potz,Pooja Iyer,15,469,7035,1407,Telangana
12-06-2025,Rohan Chatterjee,Nestle Aero Mint Potz,Manoj Tiwari,23,336,7728,1545.6,Jammu and Kashmir
12-06-2025,Sandeep Kaur,Nestle Rolo Potz,Rajesh Kumar,22,320,7040,1408,Telangana
10-06-2025,Alok Joshi,Nestle Maxibon Cookie,Kavita Joshi,19,423,8037,1607.4,Rajasthan
08-06-2025,Manish Agarwal,Nestle Kit Kat Cone,Pooja Iyer,50,356,17800,3560,Maharashtra
07-06-2025,Nithin Rao,Nestle Fab,Pooja Iyer,16,290,4640,928,Himachal Pradesh
07-06-2025,Divya Khurana,Nestle Kit Kat Cone,Vikram Reddy,45,262,11790,2358,Telangana
06-06-2025,Divya Khurana,Nestle Kit Kat Cone,Manoj Tiwari,27,426,11502,2300.4,Rajasthan
05-06-2025,Praveen Shetty,Nestle Aero Mint Potz,Karthik Gowda,22,377,8294,1658.8,Maharashtra
05-06-2025,Suresh Menon,Nestle Smarties Pop-Up,Karthik Gowda,24,386,9264,1852.8,Telangana
04-06-2025,Rakesh Yadav,Nestle Maxibon Cookie,Karthik Gowda,18,214,3852,770.4,Uttarakhand
02-06-2025,Alok Joshi,Nestle Rolo Potz,Sneha Gupta,15,372,5580,1116,West Bengal
02-06-2025,Swati Pandey,Nestle Rowntree Fruit Pastil,Rahul Singh,47,389,18283,3656.6,Uttar Pradesh
01-06-2025,Geeta Bali,Nestle Maxibon Cookie,Priya Patel,34,336,11424,2284.8,Telangana
31-05-2025,Shweta Bhatia,Nestle Rolo Potz,Anjali Verma,38,257,9766,1953.2,Karnataka
30-05-2025,Anand Bakshi,Nestle Smarties Pop-Up,Vikram Reddy,26,237,6162,1232.4,Jharkhand
28-05-2025,Rohan Chatterjee,Nestle Kit Kat Cone,Karthik Gowda,21,295,6195,1239,Jammu and Kashmir
28-05-2025,Swati Pandey,Nestle Smarties Pop-Up,Deepak Chopra,36,442,15912,3182.4,Kerala
27-05-2025,Rohan Chatterjee,Nestle Maxibon Cookie,Amit Sharma,50,232,11600,2320,Karnataka
25-05-2025,Anand Bakshi,Nestle Aero Mint Potz,Arjun Malhotra,32,411,13152,2630.4,Himachal Pradesh
25-05-2025,Rohan Chatterjee,Nestle Kit Kat Cone,Neha Desai,10,337,3370,674,Goa
25-05-2025,Sandeep Kaur,Nestle Maxibon Cookie,Neha Desai,36,262,9432,1886.4,West Bengal
25-05-2025,Nithin Rao,Nestle Milky Bar Stick,Meera Kulkarni,14,200,2800,560,Delhi
24-05-2025,Vishal Saxena,Nestle Milky Bar Stick,Anjali Verma,50,411,20550,4110,Uttarakhand
24-05-2025,Tarun Jain,Nestle Toffee Crumble,Deepak Chopra,17,464,7888,1577.6,Jammu and Kashmir
23-05-2025,Harsh Goel,Nestle Nobby Bobby,Pooja Iyer,10,287,2870,574,Karnataka
20-05-2025,Manish Agarwal,Nestle Aero Mint Potz,Anjali Verma,37,348,12876,2575.2,Telangana
18-05-2025,Suresh Menon,Nestle Rolo Potz,Deepak Chopra,30,266,7980,1596,Jammu and Kashmir
17-05-2025,Manish Agarwal,Nestle Maxibon Cookie,Ravi Pillai,17,465,7905,1581,Maharashtra
17-05-2025,Anand Bakshi,Nestle Maxibon Cookie,Priya Patel,41,284,11644,2328.8,Telangana
16-05-2025,Vishal Saxena,Nestle Rolo Potz,Sanjay Mehta,45,493,22185,4437,Kerala
16-05-2025,Anand Bakshi,Nestle Toffee Crumble,Karthik Gowda,42,245,10290,2058,Jharkhand
15-05-2025,Varun Kapoor,Nestle Milky Bar Stick,Meera Kulkarni,42,338,14196,2839.2,Goa
15-05-2025,Suresh Menon,Nestle Nobby Bobby,Kavita Joshi,38,212,8056,1611.2,Uttar Pradesh
14-05-2025,Preeti Saini,Nestle Fab,Kavita Joshi,43,243,10449,2089.8,Uttarakhand
13-05-2025,Geeta Bali,Nestle Maxibon Cookie,Meera Kulkarni,29,262,7598,1519.6,Kerala
13-05-2025,Rakesh Yadav,Nestle Smarties Pop-Up,Arjun Malhotra,20,252,5040,1008,Karnataka
12-05-2025,Sandeep Kaur,Nestle Rowntree Fruit Pastil,Aditya Mishra,30,452,13560,2712,Kerala
11-05-2025,Preeti Saini,Nestle Milky Bar Stick,Sonal Saxena,34,398,13532,2706.4,Kerala
10-05-2025,Varun Kapoor,Nestle Aero Mint Potz,Neha Desai,36,204,7344,1468.8,Rajasthan
09-05-2025,Suresh Menon,Nestle Toffee Crumble,Karthik Gowda,21,437,9177,1835.4,Kerala
06-05-2025,Manish Agarwal,Nestle Aero Mint Potz,Amit Sharma,38,366,13908,2781.6,Delhi
05-05-2025,Shweta Bhatia,Nestle Nobby Bobby,Meera Kulkarni,27,461,12447,2489.4,Jharkhand
05-05-2025,Kiran Rao,Nestle Nobby Bobby,Anjali Verma,16,216,3456,691.2,Karnataka
05-05-2025,Vishal Saxena,Nestle Rolo Potz,Aditya Mishra,27,372,10044,2008.8,Delhi
05-05-2025,Praveen Shetty,Nestle Toffee Crumble,Aditya Mishra,33,333,10989,2197.8,Karnataka
04-05-2025,Rakesh Yadav,Nestle Kit Kat Cone,Neha Desai,42,383,16086,3217.2,Karnataka
04-05-2025,Tarun Jain,Nestle Milky Bar Stick,Meera Kulkarni,44,301,13244,2648.8,Maharashtra
04-05-2025,Rohan Chatterjee,Nestle Nobby Bobby,Vikram Reddy,40,435,17400,3480,Himachal Pradesh
03-05-2025,Rakesh Yadav,Nestle Fab,Vikram Reddy,43,292,12556,2511.2,Uttarakhand
03-05-2025,Geeta Bali,Nestle Nobby Bobby,Amit Sharma,41,472,19352,3870.4,Jammu and Kashmir
02-05-2025,Rakesh Yadav,Nestle Nobby Bobby,Sanjay Mehta,35,226,7910,1582,Kerala
01-05-2025,Manish Agarwal,Nestle Nobby Bobby,Riya Nair,28,439,12292,2458.4,Uttarakhand
30-04-2025,Shweta Bhatia,Nestle Aero Mint Potz,Amit Sharma,50,292,14600,2920,West Bengal
30-04-2025,Praveen Shetty,Nestle Nobby Bobby,Deepak Chopra,20,477,9540,1908,Telangana
28-04-2025,Rohan Chatterjee,Nestle Maxibon Cookie,Arjun Malhotra,20,214,4280,856,Himachal Pradesh
27-04-2025,Swati Pandey,Nestle Milky Bar Stick,Anjali Verma,36,270,9720,1944,Delhi
27-04-2025,Vishal Saxena,Nestle Toffee Crumble,Pooja Iyer,29,294,8526,1705.2,West Bengal
26-04-2025,Rohan Chatterjee,Nestle Aero Mint Potz,Ravi Pillai,50,267,13350,2670,Kerala
26-04-2025,Swati Pandey,Nestle Aero Mint Potz,Arjun Malhotra,35,236,8260,1652,Uttarakhand
26-04-2025,Preeti Saini,Nestle Rowntree Fruit Pastil,Amit Sharma,30,328,9840,1968,Gujarat
25-04-2025,Vivek Bansal,Nestle Maxibon Cookie,Sonal Saxena,15,281,4215,843,Jharkhand
25-04-2025,Swati Pandey,Nestle Rolo Potz,Sanjay Mehta,21,384,8064,1612.8,Karnataka
23-04-2025,Vishal Saxena,Nestle Rolo Potz,Aditya Mishra,39,283,11037,2207.4,Uttarakhand
23-04-2025,Manish Agarwal,Nestle Smarties Pop-Up,Sanjay Mehta,22,433,9526,1905.2,Maharashtra
23-04-2025,Preeti Saini,Nestle Toffee Crumble,Manoj Tiwari,43,238,10234,2046.8,Delhi
22-04-2025,Geeta Bali,Nestle Milky Bar Stick,Priya Patel,39,399,15561,3112.2,Gujarat
21-04-2025,Vishal Saxena,Nestle Kit Kat Cone,Priya Patel,25,436,10900,2180,Jammu and Kashmir
21-04-2025,Rohan Chatterjee,Nestle Milky Bar Stick,Deepak Chopra,13,208,2704,540.8,Karnataka
20-04-2025,Vivek Bansal,Nestle Nobby Bobby,Arjun Malhotra,18,273,4914,982.8,Gujarat
18-04-2025,Kiran Rao,Nestle Aero Mint Potz,Deepak Chopra,34,311,10574,2114.8,Goa
18-04-2025,Vishal Saxena,Nestle Kit Kat Cone,Amit Sharma,46,350,16100,3220,Karnataka
17-04-2025,Vivek Bansal,Nestle Aero Mint Potz,Pooja Iyer,11,485,5335,1067,Jharkhand
17-04-2025,Varun Kapoor,Nestle Fab,Deepak Chopra,11,481,5291,1058.2,Rajasthan
17-04-2025,Nithin Rao,Nestle Fab,Deepak Chopra,39,385,15015,3003,Uttarakhand
16-04-2025,Praveen Shetty,Nestle Milky Bar Stick,Deepak Chopra,36,461,16596,3319.2,Gujarat
15-04-2025,Varun Kapoor,Nestle Milky Bar Stick,Deepak Chopra,35,333,11655,2331,Karnataka
13-04-2025,Vishal Saxena,Nestle Fab,Aditya Mishra,24,441,10584,2116.8,Gujarat
12-04-2025,Swati Pandey,Nestle Nobby Bobby,Arjun Malhotra,10,483,4830,966,Kerala
12-04-2025,Vishal Saxena,Nestle Rolo Potz,Pooja Iyer,50,397,19850,3970,Maharashtra
12-04-2025,Tarun Jain,Nestle Toffee Crumble,Karthik Gowda,33,281,9273,1854.6,Himachal Pradesh
11-04-2025,Varun Kapoor,Nestle Aero Mint Potz,Sonal Saxena,25,401,10025,2005,Karnataka
10-04-2025,Varun Kapoor,Nestle Aero Mint Potz,Amit Sharma,43,427,18361,3672.2,West Bengal
10-04-2025,Praveen Shetty,Nestle Maxibon Cookie,Aditya Mishra,16,462,7392,1478.4,Jammu and Kashmir
09-04-2025,Tarun Jain,Nestle Fab,Sonal Saxena,50,290,14500,2900,Goa
09-04-2025,Rohan Chatterjee,Nestle Toffee Crumble,Sonal Saxena,49,211,10339,2067.8,Himachal Pradesh
08-04-2025,Suresh Menon,Nestle Kit Kat Cone,Ravi Pillai,38,283,10754,2150.8,Delhi
07-04-2025,Preeti Saini,Nestle Rowntree Fruit Pastil,Meera Kulkarni,50,366,18300,3660,Uttar Pradesh
06-04-2025,Tarun Jain,Nestle Maxibon Cookie,Vikram Reddy,30,461,13830,2766,Uttarakhand
05-04-2025,Swati Pandey,Nestle Kit Kat Cone,Riya Nair,12,212,2544,508.8,Rajasthan
05-04-2025,Vivek Bansal,Nestle Nobby Bobby,Rahul Singh,42,483,20286,4057.2,Gujarat
05-04-2025,Harsh Goel,Nestle Rowntree Fruit Pastil,Anjali Verma,18,395,7110,1422,Maharashtra
05-04-2025,Harsh Goel,Nestle Rowntree Fruit Pastil,Sanjay Mehta,11,251,2761,552.2,Uttar Pradesh
04-04-2025,Vivek Bansal,Nestle Aero Mint Potz,Rajesh Kumar,16,256,4096,819.2,Delhi
03-04-2025,Rohan Chatterjee,Nestle Rowntree Fruit Pastil,Sanjay Mehta,11,475,5225,1045,Delhi
01-04-2025,Vivek Bansal,Nestle Fab,Manoj Tiwari,46,489,22494,4498.8,Jammu and Kashmir
31-03-2025,Varun Kapoor,Nestle Rowntree Fruit Pastil,Karthik Gowda,46,402,18492,3698.4,Kerala
30-03-2025,Swati Pandey,Nestle Smarties Pop-Up,Deepak Chopra,26,491,12766,2553.2,Kerala
29-03-2025,Anand Bakshi,Nestle Rowntree Fruit Pastil,Sneha Gupta,46,292,13432,2686.4,Jammu and Kashmir
28-03-2025,Manish Agarwal,Nestle Maxibon Cookie,Priya Patel,46,480,22080,4416,Karnataka
28-03-2025,Kiran Rao,Nestle Milky Bar Stick,Priya Patel,32,466,14912,2982.4,West Bengal
28-03-2025,Suresh Menon,Nestle Smarties Pop-Up,Sanjay Mehta,45,461,20745,4149,Jammu and Kashmir
27-03-2025,Alok Joshi,Nestle Milky Bar Stick,Sonal Saxena,19,214,4066,813.2,Jharkhand
26-03-2025,Vivek Bansal,Nestle Rolo Potz,Neha Desai,21,254,5334,1066.8,Jharkhand
26-03-2025,Anand Bakshi,Nestle Smarties Pop-Up,Priya Patel,38,219,8322,1664.4,Himachal Pradesh
26-03-2025,Tarun Jain,Nestle Toffee Crumble,Aditya Mishra,44,452,19888,3977.6,Maharashtra
26-03-2025,Vishal Saxena,Nestle Toffee Crumble,Manoj Tiwari,31,377,11687,2337.4,Kerala
24-03-2025,Rohan Chatterjee,Nestle Kit Kat Cone,Deepak Chopra,24,337,8088,1617.6,Delhi
24-03-2025,Varun Kapoor,Nestle Kit Kat Cone,Riya Nair,24,266,6384,1276.8,Uttar Pradesh
24-03-2025,Rakesh Yadav,Nestle Rowntree Fruit Pastil,Karthik Gowda,43,256,11008,2201.6,Goa
23-03-2025,Kiran Rao,Nestle Milky Bar Stick,Pooja Iyer,16,446,7136,1427.2,Jharkhand
22-03-2025,Anand Bakshi,Nestle Nobby Bobby,Amit Sharma,33,307,10131,2026.2,Kerala
21-03-2025,Sandeep Kaur,Nestle Aero Mint Potz,Sneha Gupta,38,362,13756,2751.2,Karnataka
21-03-2025,Rohan Chatterjee,Nestle Milky Bar Stick,Vikram Reddy,23,256,5888,1177.6,Delhi
21-03-2025,Suresh Menon,Nestle Nobby Bobby,Neha Desai,40,322,12880,2576,Maharashtra
21-03-2025,Alok Joshi,Nestle Rolo Potz,Rajesh Kumar,38,207,7866,1573.2,Telangana
20-03-2025,Geeta Bali,Nestle Nobby Bobby,Sneha Gupta,19,445,8455,1691,Uttarakhand
20-03-2025,Praveen Shetty,Nestle Rolo Potz,Pooja Iyer,41,453,18573,3714.6,West Bengal
19-03-2025,Sandeep Kaur,Nestle Rowntree Fruit Pastil,Vikram Reddy,19,245,4655,931,Uttar Pradesh
16-03-2025,Shweta Bhatia,Nestle Aero Mint Potz,Deepak Chopra,23,471,10833,2166.6,Gujarat
16-03-2025,Rakesh Yadav,Nestle Milky Bar Stick,Deepak Chopra,15,415,6225,1245,Goa
16-03-2025,Nithin Rao,Nestle Nobby Bobby,Arjun Malhotra,34,413,14042,2808.4,Kerala
14-03-2025,Shweta Bhatia,Nestle Rowntree Fruit Pastil,Anjali Verma,14,212,2968,593.6,Rajasthan
13-03-2025,Vishal Saxena,Nestle Toffee Crumble,Sonal Saxena,49,296,14504,2900.8,Maharashtra
12-03-2025,Vishal Saxena,Nestle Nobby Bobby,Sneha Gupta,48,261,12528,2505.6,Jammu and Kashmir
12-03-2025,Swati Pandey,Nestle Rowntree Fruit Pastil,Kavita Joshi,43,367,15781,3156.2,Uttarakhand
11-03-2025,Praveen Shetty,Nestle Fab,Manoj Tiwari,14,336,4704,940.8,Telangana
10-03-2025,Nithin Rao,Nestle Milky Bar Stick,Priya Patel,44,376,16544,3308.8,West Bengal
09-03-2025,Divya Khurana,Nestle Fab,Neha Desai,37,417,15429,3085.8,Telangana
09-03-2025,Praveen Shetty,Nestle Maxibon Cookie,Amit Sharma,10,448,4480,896,Jharkhand
09-03-2025,Alok Joshi,Nestle Rolo Potz,Aditya Mishra,10,437,4370,874,Jharkhand
09-03-2025,Alok Joshi,Nestle Rolo Potz,Priya Patel,50,365,18250,3650,Uttar Pradesh
09-03-2025,Preeti Saini,Nestle Rolo Potz,Amit Sharma,26,300,7800,1560,Gujarat
08-03-2025,Suresh Menon,Nestle Fab,Sonal Saxena,46,244,11224,2244.8,West Bengal
07-03-2025,Praveen Shetty,Nestle Fab,Kavita Joshi,47,331,15557,3111.4,Goa
07-03-2025,Praveen Shetty,Nestle Fab,Amit Sharma,16,307,4912,982.4,Kerala
06-03-2025,Preeti Saini,Nestle Aero Mint Potz,Priya Patel,13,412,5356,1071.2,Goa
06-03-2025,Vishal Saxena,Nestle Rowntree Fruit Pastil,Kavita Joshi,42,430,18060,3612,Jharkhand
06-03-2025,Rakesh Yadav,Nestle Toffee Crumble,Pooja Iyer,12,377,4524,904.8,Maharashtra
04-03-2025,Vishal Saxena,Nestle Kit Kat Cone,Sonal Saxena,46,392,18032,3606.4,Jharkhand
03-03-2025,Praveen Shetty,Nestle Fab,Priya Patel,16,496,7936,1587.2,Gujarat
03-03-2025,Vishal Saxena,Nestle Maxibon Cookie,Arjun Malhotra,36,454,16344,3268.8,Telangana
03-03-2025,Geeta Bali,Nestle Maxibon Cookie,Manoj Tiwari,42,223,9366,1873.2,Jammu and Kashmir
02-03-2025,Shweta Bhatia,Nestle Fab,Sonal Saxena,12,291,3492,698.4,Uttarakhand
01-03-2025,Rakesh Yadav,Nestle Kit Kat Cone,Riya Nair,39,333,12987,2597.4,Himachal Pradesh
01-03-2025,Swati Pandey,Nestle Rowntree Fruit Pastil,Riya Nair,20,458,9160,1832,Uttar Pradesh
28-02-2025,Suresh Menon,Nestle Rowntree Fruit Pastil,Sonal Saxena,38,324,12312,2462.4,Gujarat
27-02-2025,Manish Agarwal,Nestle Rowntree Fruit Pastil,Priya Patel,37,279,10323,2064.6,West Bengal
23-02-2025,Sandeep Kaur,Nestle Maxibon Cookie,Rajesh Kumar,16,451,7216,1443.2,Rajasthan
22-02-2025,Rakesh Yadav,Nestle Rowntree Fruit Pastil,Kavita Joshi,45,457,20565,4113,Uttarakhand
22-02-2025,Tarun Jain,Nestle Smarties Pop-Up,Sneha Gupta,17,202,3434,686.8,Goa
19-02-2025,Divya Khurana,Nestle Kit Kat Cone,Anjali Verma,38,435,16530,3306,Jharkhand
18-02-2025,Vivek Bansal,Nestle Rowntree Fruit Pastil,Rajesh Kumar,16,215,3440,688,Uttarakhand
17-02-2025,Varun Kapoor,Nestle Nobby Bobby,Arjun Malhotra,19,397,7543,1508.6,Rajasthan
16-02-2025,Rohan Chatterjee,Nestle Fab,Sanjay Mehta,43,311,13373,2674.6,Himachal Pradesh
16-02-2025,Divya Khurana,Nestle Maxibon Cookie,Riya Nair,25,426,10650,2130,Uttar Pradesh
16-02-2025,Praveen Shetty,Nestle Nobby Bobby,Deepak Chopra,33,320,10560,2112,Uttar Pradesh
16-02-2025,Manish Agarwal,Nestle Nobby Bobby,Rajesh Kumar,18,290,5220,1044,Uttar Pradesh
15-02-2025,Divya Khurana,Nestle Maxibon Cookie,Manoj Tiwari,40,217,8680,1736,Gujarat
15-02-2025,Alok Joshi,Nestle Nobby Bobby,Meera Kulkarni,17,415,7055,1411,Uttar Pradesh
15-02-2025,Shweta Bhatia,Nestle Rowntree Fruit Pastil,Arjun Malhotra,10,409,4090,818,Kerala
12-02-2025,Rakesh Yadav,Nestle Milky Bar Stick,Sonal Saxena,20,474,9480,1896,Karnataka
11-02-2025,Shweta Bhatia,Nestle Fab,Kavita Joshi,14,470,6580,1316,Rajasthan
11-02-2025,Alok Joshi,Nestle Kit Kat Cone,Kavita Joshi,18,307,5526,1105.2,Rajasthan
11-02-2025,Rohan Chatterjee,Nestle Maxibon Cookie,Priya Patel,35,345,12075,2415,Telangana
11-02-2025,Suresh Menon,Nestle Nobby Bobby,Anjali Verma,40,234,9360,1872,Jharkhand
10-02-2025,Geeta Bali,Nestle Aero Mint Potz,Ravi Pillai,47,353,16591,3318.2,West Bengal
10-02-2025,Anand Bakshi,Nestle Fab,Deepak Chopra,19,495,9405,1881,Uttar Pradesh
10-02-2025,Anand Bakshi,Nestle Milky Bar Stick,Meera Kulkarni,22,431,9482,1896.4,West Bengal
09-02-2025,Nithin Rao,Nestle Maxibon Cookie,Neha Desai,24,406,9744,1948.8,Uttar Pradesh
09-02-2025,Nithin Rao,Nestle Nobby Bobby,Kavita Joshi,37,407,15059,3011.8,Telangana
09-02-2025,Divya Khurana,Nestle Rowntree Fruit Pastil,Sneha Gupta,49,309,15141,3028.2,Himachal Pradesh
06-02-2025,Sandeep Kaur,Nestle Fab,Riya Nair,26,252,6552,1310.4,Jammu and Kashmir
06-02-2025,Harsh Goel,Nestle Milky Bar Stick,Sanjay Mehta,22,500,11000,2200,Maharashtra
06-02-2025,Rohan Chatterjee,Nestle Smarties Pop-Up,Aditya Mishra,49,479,23471,4694.2,Gujarat
05-02-2025,Praveen Shetty,Nestle Rolo Potz,Anjali Verma,43,267,11481,2296.2,Delhi
03-02-2025,Suresh Menon,Nestle Milky Bar Stick,Rahul Singh,36,461,16596,3319.2,Jammu and Kashmir
03-02-2025,Alok Joshi,Nestle Toffee Crumble,Deepak Chopra,29,496,14384,2876.8,Telangana
31-01-2025,Geeta Bali,Nestle Fab,Arjun Malhotra,24,287,6888,1377.6,Maharashtra
31-01-2025,Swati Pandey,Nestle Nobby Bobby,Sneha Gupta,19,214,4066,813.2,Gujarat
30-01-2025,Shweta Bhatia,Nestle Maxibon Cookie,Deepak Chopra,32,459,14688,2937.6,Kerala
30-01-2025,Sandeep Kaur,Nestle Rowntree Fruit Pastil,Rajesh Kumar,40,307,12280,2456,Kerala
29-01-2025,Anand Bakshi,Nestle Fab,Aditya Mishra,14,372,5208,1041.6,Delhi
29-01-2025,Kiran Rao,Nestle Maxibon Cookie,Sanjay Mehta,32,437,13984,2796.8,Himachal Pradesh
28-01-2025,Geeta Bali,Nestle Rolo Potz,Pooja Iyer,15,499,7485,1497,Kerala
27-01-2025,Shweta Bhatia,Nestle Rolo Potz,Sneha Gupta,45,295,13275,2655,Goa
27-01-2025,Rakesh Yadav,Nestle Rowntree Fruit Pastil,Meera Kulkarni,12,200,2400,480,Kerala
27-01-2025,Manish Agarwal,Nestle Smarties Pop-Up,Riya Nair,12,432,5184,1036.8,Maharashtra
27-01-2025,Nithin Rao,Nestle Smarties Pop-Up,Neha Desai,28,264,7392,1478.4,Karnataka
26-01-2025,Rakesh Yadav,Nestle Rowntree Fruit Pastil,Vikram Reddy,42,417,17514,3502.8,Kerala
26-01-2025,Manish Agarwal,Nestle Rowntree Fruit Pastil,Neha Desai,36,372,13392,2678.4,Uttar Pradesh
25-01-2025,Geeta Bali,Nestle Fab,Amit Sharma,36,411,14796,2959.2,Telangana
25-01-2025,Sandeep Kaur,Nestle Milky Bar Stick,Manoj Tiwari,40,434,17360,3472,Maharashtra
25-01-2025,Kiran Rao,Nestle Rolo Potz,Kavita Joshi,35,319,11165,2233,Goa
24-01-2025,Vivek Bansal,Nestle Maxibon Cookie,Neha Desai,11,350,3850,770,Himachal Pradesh
24-01-2025,Rakesh Yadav,Nestle Toffee Crumble,Sanjay Mehta,14,238,3332,666.4,Telangana
23-01-2025,Divya Khurana,Nestle Milky Bar Stick,Sneha Gupta,15,256,3840,768,Maharashtra
23-01-2025,Divya Khurana,Nestle Toffee Crumble,Riya Nair,37,478,17686,3537.2,West Bengal
22-01-2025,Suresh Menon,Nestle Kit Kat Cone,Sonal Saxena,18,398,7164,1432.8,Maharashtra
21-01-2025,Swati Pandey,Nestle Rolo Potz,Sanjay Mehta,45,327,14715,2943,Jharkhand
19-01-2025,Shweta Bhatia,Nestle Maxibon Cookie,Vikram Reddy,17,450,7650,1530,Maharashtra
19-01-2025,Preeti Saini,Nestle Nobby Bobby,Sneha Gupta,12,461,5532,1106.4,Telangana
18-01-2025,Vivek Bansal,Nestle Aero Mint Potz,Aditya Mishra,40,466,18640,3728,Uttar Pradesh
18-01-2025,Geeta Bali,Nestle Rowntree Fruit Pastil,Pooja Iyer,32,275,8800,1760,Goa
17-01-2025,Tarun Jain,Nestle Kit Kat Cone,Arjun Malhotra,36,426,15336,3067.2,Karnataka
17-01-2025,Geeta Bali,Nestle Maxibon Cookie,Riya Nair,35,260,9100,1820,Himachal Pradesh
16-01-2025,Vishal Saxena,Nestle Smarties Pop-Up,Deepak Chopra,18,494,8892,1778.4,Rajasthan
14-01-2025,Suresh Menon,Nestle Maxibon Cookie,Manoj Tiwari,13,328,4264,852.8,Jharkhand
14-01-2025,Preeti Saini,Nestle Smarties Pop-Up,Anjali Verma,27,282,7614,1522.8,Uttarakhand
13-01-2025,Divya Khurana,Nestle Smarties Pop-Up,Sneha Gupta,39,420,16380,3276,Goa
12-01-2025,Shweta Bhatia,Nestle Kit Kat Cone,Neha Desai,47,259,12173,2434.6,Kerala
12-01-2025,Manish Agarwal,Nestle Maxibon Cookie,Meera Kulkarni,14,499,6986,1397.2,Jammu and Kashmir
12-01-2025,Sandeep Kaur,Nestle Nobby Bobby,Arjun Malhotra,11,355,3905,781,Karnataka
11-01-2025,Praveen Shetty,Nestle Smarties Pop-Up,Amit Sharma,33,436,14388,2877.6,Uttarakhand
10-01-2025,Varun Kapoor,Nestle Maxibon Cookie,Ravi Pillai,10,404,4040,808,West Bengal
10-01-2025,Swati Pandey,Nestle Smarties Pop-Up,Pooja Iyer,50,223,11150,2230,Maharashtra
09-01-2025,Vishal Saxena,Nestle Milky Bar Stick,Karthik Gowda,17,264,4488,897.6,Kerala
08-01-2025,Alok Joshi,Nestle Kit Kat Cone,Aditya Mishra,25,202,5050,1010,Telangana
07-01-2025,Harsh Goel,Nestle Fab,Aditya Mishra,25,292,7300,1460,Rajasthan
07-01-2025,Suresh Menon,Nestle Rowntree Fruit Pastil,Sanjay Mehta,36,221,7956,1591.2,West Bengal
07-01-2025,Swati Pandey,Nestle Rowntree Fruit Pastil,Anjali Verma,30,215,6450,1290,Himachal Pradesh
06-01-2025,Praveen Shetty,Nestle Fab,Riya Nair,12,442,5304,1060.8,Maharashtra
06-01-2025,Sandeep Kaur,Nestle Toffee Crumble,Aditya Mishra,24,372,8928,1785.6,Uttarakhand
06-01-2025,Geeta Bali,Nestle Toffee Crumble,Vikram Reddy,26,295,7670,1534,Jharkhand
04-01-2025,Sandeep Kaur,Nestle Kit Kat Cone,Rajesh Kumar,40,284,11360,2272,Karnataka
04-01-2025,Sandeep Kaur,Nestle Maxibon Cookie,Priya Patel,42,336,14112,2822.4,Telangana
04-01-2025,Rohan Chatterjee,Nestle Toffee Crumble,Anjali Verma,30,277,8310,1662,Jammu and Kashmir
03-01-2025,Praveen Shetty,Nestle Fab,Pooja Iyer,25,304,7600,1520,Karnataka
01-01-2025,Manish Agarwal,Nestle Aero Mint Potz,Anjali Verma,45,484,21780,4356,Jharkhand
30-12-2024,Kiran Rao,Nestle Maxibon Cookie,Amit Sharma,20,207,4140,828,Telangana
27-12-2024,Anand Bakshi,Nestle Kit Kat Cone,Sanjay Mehta,15,276,4140,828,Delhi
24-12-2024,Geeta Bali,Nestle Fab,Deepak Chopra,24,406,9744,1948.8,Jammu and Kashmir
24-12-2024,Divya Khurana,Nestle Smarties Pop-Up,Aditya Mishra,44,214,9416,1883.2,Goa
23-12-2024,Rakesh Yadav,Nestle Milky Bar Stick,Aditya Mishra,41,204,8364,1672.8,Jharkhand
21-12-2024,Alok Joshi,Nestle Kit Kat Cone,Meera Kulkarni,18,366,6588,1317.6,Karnataka
20-12-2024,Sandeep Kaur,Nestle Maxibon Cookie,Vikram Reddy,31,405,12555,2511,Rajasthan
19-12-2024,Alok Joshi,Nestle Aero Mint Potz,Meera Kulkarni,19,297,5643,1128.6,West Bengal
18-12-2024,Geeta Bali,Nestle Fab,Rajesh Kumar,45,364,16380,3276,Uttar Pradesh
18-12-2024,Anand Bakshi,Nestle Maxibon Cookie,Priya Patel,49,475,23275,4655,West Bengal
15-12-2024,Suresh Menon,Nestle Kit Kat Cone,Sanjay Mehta,44,478,21032,4206.4,Uttarakhand
15-12-2024,Rohan Chatterjee,Nestle Rowntree Fruit Pastil,Neha Desai,38,315,11970,2394,Delhi
14-12-2024,Sandeep Kaur,Nestle Maxibon Cookie,Sonal Saxena,33,364,12012,2402.4,Goa
14-12-2024,Rohan Chatterjee,Nestle Rolo Potz,Aditya Mishra,37,228,8436,1687.2,West Bengal
11-12-2024,Alok Joshi,Nestle Milky Bar Stick,Ravi Pillai,21,377,7917,1583.4,Karnataka
10-12-2024,Divya Khurana,Nestle Milky Bar Stick,Karthik Gowda,48,209,10032,2006.4,Uttarakhand
09-12-2024,Rohan Chatterjee,Nestle Maxibon Cookie,Pooja Iyer,39,481,18759,3751.8,Jharkhand
09-12-2024,Sandeep Kaur,Nestle Maxibon Cookie,Manoj Tiwari,11,286,3146,629.2,Gujarat
08-12-2024,Tarun Jain,Nestle Milky Bar Stick,Neha Desai,17,208,3536,707.2,Jharkhand
07-12-2024,Divya Khurana,Nestle Maxibon Cookie,Karthik Gowda,16,415,6640,1328,West Bengal
07-12-2024,Rakesh Yadav,Nestle Toffee Crumble,Sanjay Mehta,49,287,14063,2812.6,Telangana
06-12-2024,Preeti Saini,Nestle Aero Mint Potz,Sneha Gupta,44,412,18128,3625.6,Kerala
06-12-2024,Swati Pandey,Nestle Aero Mint Potz,Manoj Tiwari,31,325,10075,2015,Uttar Pradesh
05-12-2024,Sandeep Kaur,Nestle Aero Mint Potz,Anjali Verma,38,232,8816,1763.2,Himachal Pradesh
05-12-2024,Nithin Rao,Nestle Smarties Pop-Up,Kavita Joshi,42,410,17220,3444,Gujarat
04-12-2024,Divya Khurana,Nestle Nobby Bobby,Ravi Pillai,19,224,4256,851.2,Telangana
04-12-2024,Vishal Saxena,Nestle Rolo Potz,Manoj Tiwari,25,490,12250,2450,Jammu and Kashmir
03-12-2024,Sandeep Kaur,Nestle Fab,Kavita Joshi,39,431,16809,3361.8,Kerala
02-12-2024,Rakesh Yadav,Nestle Fab,Sneha Gupta,29,351,10179,2035.8,Rajasthan
02-12-2024,Swati Pandey,Nestle Nobby Bobby,Kavita Joshi,13,337,4381,876.2,Telangana
02-12-2024,Swati Pandey,Nestle Nobby Bobby,Anjali Verma,19,307,5833,1166.6,Karnataka
01-12-2024,Tarun Jain,Nestle Smarties Pop-Up,Aditya Mishra,39,212,8268,1653.6,Jammu and Kashmir
30-11-2024,Rakesh Yadav,Nestle Smarties Pop-Up,Kavita Joshi,34,206,7004,1400.8,Himachal Pradesh
29-11-2024,Nithin Rao,Nestle Fab,Sanjay Mehta,28,367,10276,2055.2,Gujarat
28-11-2024,Rakesh Yadav,Nestle Rowntree Fruit Pastil,Sonal Saxena,10,366,3660,732,Uttar Pradesh
28-11-2024,Vishal Saxena,Nestle Smarties Pop-Up,Aditya Mishra,33,270,8910,1782,West Bengal
27-11-2024,Geeta Bali,Nestle Maxibon Cookie,Deepak Chopra,15,280,4200,840,Gujarat
26-11-2024,Divya Khurana,Nestle Nobby Bobby,Deepak Chopra,45,415,18675,3735,Uttarakhand
26-11-2024,Harsh Goel,Nestle Rowntree Fruit Pastil,Riya Nair,47,490,23030,4606,Kerala
25-11-2024,Swati Pandey,Nestle Kit Kat Cone,Neha Desai,14,423,5922,1184.4,Telangana
25-11-2024,Praveen Shetty,Nestle Kit Kat Cone,Sanjay Mehta,20,264,5280,1056,Karnataka
24-11-2024,Anand Bakshi,Nestle Toffee Crumble,Sanjay Mehta,46,234,10764,2152.8,Kerala
23-11-2024,Sandeep Kaur,Nestle Maxibon Cookie,Meera Kulkarni,40,402,16080,3216,Uttar Pradesh
22-11-2024,Praveen Shetty,Nestle Kit Kat Cone,Anjali Verma,30,493,14790,2958,Himachal Pradesh
20-11-2024,Nithin Rao,Nestle Kit Kat Cone,Sanjay Mehta,48,391,18768,3753.6,Himachal Pradesh
19-11-2024,Manish Agarwal,Nestle Maxibon Cookie,Meera Kulkarni,48,389,18672,3734.4,West Bengal
19-11-2024,Sandeep Kaur,Nestle Maxibon Cookie,Priya Patel,17,378,6426,1285.2,Maharashtra
19-11-2024,Vivek Bansal,Nestle Smarties Pop-Up,Aditya Mishra,16,472,7552,1510.4,Kerala
18-11-2024,Manish Agarwal,Nestle Kit Kat Cone,Ravi Pillai,42,446,18732,3746.4,Rajasthan
18-11-2024,Varun Kapoor,Nestle Toffee Crumble,Aditya Mishra,34,281,9554,1910.8,Goa
16-11-2024,Swati Pandey,Nestle Milky Bar Stick,Meera Kulkarni,12,387,4644,928.8,Himachal Pradesh
15-11-2024,Geeta Bali,Nestle Kit Kat Cone,Rahul Singh,28,425,11900,2380,Rajasthan
15-11-2024,Alok Joshi,Nestle Rowntree Fruit Pastil,Neha Desai,43,489,21027,4205.4,Telangana
14-11-2024,Varun Kapoor,Nestle Fab,Amit Sharma,42,237,9954,1990.8,Uttarakhand
13-11-2024,Rakesh Yadav,Nestle Kit Kat Cone,Meera Kulkarni,28,402,11256,2251.2,Maharashtra
13-11-2024,Sandeep Kaur,Nestle Maxibon Cookie,Sanjay Mehta,50,284,14200,2840,West Bengal
11-11-2024,Suresh Menon,Nestle Aero Mint Potz,Priya Patel,22,478,10516,2103.2,Telangana
11-11-2024,Vivek Bansal,Nestle Kit Kat Cone,Kavita Joshi,28,446,12488,2497.6,West Bengal
09-11-2024,Vishal Saxena,Nestle Aero Mint Potz,Neha Desai,30,492,14760,2952,West Bengal
09-11-2024,Alok Joshi,Nestle Aero Mint Potz,Arjun Malhotra,44,223,9812,1962.4,West Bengal
09-11-2024,Preeti Saini,Nestle Toffee Crumble,Meera Kulkarni,37,346,12802,2560.4,Delhi
08-11-2024,Swati Pandey,Nestle Toffee Crumble,Karthik Gowda,43,419,18017,3603.4,Karnataka
06-11-2024,Sandeep Kaur,Nestle Rowntree Fruit Pastil,Meera Kulkarni,18,368,6624,1324.8,Gujarat
05-11-2024,Nithin Rao,Nestle Smarties Pop-Up,Rahul Singh,40,459,18360,3672,Maharashtra
05-11-2024,Harsh Goel,Nestle Toffee Crumble,Sonal Saxena,34,376,12784,2556.8,West Bengal
04-11-2024,Nithin Rao,Nestle Maxibon Cookie,Sonal Saxena,31,303,9393,1878.6,West Bengal
04-11-2024,Shweta Bhatia,Nestle Nobby Bobby,Kavita Joshi,30,302,9060,1812,Telangana
04-11-2024,Harsh Goel,Nestle Nobby Bobby,Vikram Reddy,15,214,3210,642,Kerala
04-11-2024,Preeti Saini,Nestle Toffee Crumble,Anjali Verma,36,469,16884,3376.8,Gujarat
03-11-2024,Shweta Bhatia,Nestle Maxibon Cookie,Anjali Verma,25,429,10725,2145,Kerala
01-11-2024,Nithin Rao,Nestle Kit Kat Cone,Vikram Reddy,49,308,15092,3018.4,Goa
01-11-2024,Praveen Shetty,Nestle Maxibon Cookie,Riya Nair,29,354,10266,2053.2,Uttar Pradesh
01-11-2024,Shweta Bhatia,Nestle Rolo Potz,Sneha Gupta,31,407,12617,2523.4,Jammu and Kashmir
31-10-2024,Rohan Chatterjee,Nestle Nobby Bobby,Rahul Singh,34,279,9486,1897.2,Goa
27-10-2024,Nithin Rao,Nestle Milky Bar Stick,Rahul Singh,48,203,9744,1948.8,Uttar Pradesh
27-10-2024,Sandeep Kaur,Nestle Rolo Potz,Sonal Saxena,46,249,11454,2290.8,Goa
26-10-2024,Manish Agarwal,Nestle Fab,Rajesh Kumar,45,456,20520,4104,Maharashtra
26-10-2024,Geeta Bali,Nestle Maxibon Cookie,Rajesh Kumar,37,309,11433,2286.6,Kerala
25-10-2024,Manish Agarwal,Nestle Fab,Sneha Gupta,28,317,8876,1775.2,Delhi
24-10-2024,Alok Joshi,Nestle Aero Mint Potz,Rajesh Kumar,38,415,15770,3154,Kerala
24-10-2024,Anand Bakshi,Nestle Nobby Bobby,Sneha Gupta,28,388,10864,2172.8,Telangana
24-10-2024,Kiran Rao,Nestle Smarties Pop-Up,Karthik Gowda,34,381,12954,2590.8,Jammu and Kashmir
23-10-2024,Vivek Bansal,Nestle Smarties Pop-Up,Karthik Gowda,32,243,7776,1555.2,Uttarakhand
20-10-2024,Vivek Bansal,Nestle Nobby Bobby,Karthik Gowda,27,471,12717,2543.4,Rajasthan
19-10-2024,Preeti Saini,Nestle Rolo Potz,Rajesh Kumar,26,352,9152,1830.4,Jharkhand
19-10-2024,Tarun Jain,Nestle Rolo Potz,Meera Kulkarni,49,224,10976,2195.2,Himachal Pradesh
17-10-2024,Geeta Bali,Nestle Milky Bar Stick,Rajesh Kumar,40,250,10000,2000,Uttarakhand
17-10-2024,Anand Bakshi,Nestle Rowntree Fruit Pastil,Pooja Iyer,44,297,13068,2613.6,Delhi
16-10-2024,Rakesh Yadav,Nestle Nobby Bobby,Aditya Mishra,34,295,10030,2006,Jharkhand
16-10-2024,Geeta Bali,Nestle Smarties Pop-Up,Meera Kulkarni,20,315,6300,1260,Karnataka
15-10-2024,Swati Pandey,Nestle Rowntree Fruit Pastil,Karthik Gowda,50,397,19850,3970,Delhi
15-10-2024,Praveen Shetty,Nestle Toffee Crumble,Ravi Pillai,17,495,8415,1683,Rajasthan
14-10-2024,Praveen Shetty,Nestle Maxibon Cookie,Sonal Saxena,42,207,8694,1738.8,Telangana
13-10-2024,Kiran Rao,Nestle Rowntree Fruit Pastil,Priya Patel,34,482,16388,3277.6,Himachal Pradesh
13-10-2024,Rakesh Yadav,Nestle Toffee Crumble,Manoj Tiwari,28,276,7728,1545.6,Delhi
12-10-2024,Kiran Rao,Nestle Aero Mint Potz,Rahul Singh,16,353,5648,1129.6,Uttar Pradesh
12-10-2024,Praveen Shetty,Nestle Fab,Meera Kulkarni,46,282,12972,2594.4,Delhi
12-10-2024,Suresh Menon,Nestle Kit Kat Cone,Sanjay Mehta,41,347,14227,2845.4,Rajasthan
12-10-2024,Anand Bakshi,Nestle Kit Kat Cone,Karthik Gowda,21,259,5439,1087.8,Delhi
12-10-2024,Divya Khurana,Nestle Rolo Potz,Manoj Tiwari,37,445,16465,3293,Uttar Pradesh
11-10-2024,Tarun Jain,Nestle Nobby Bobby,Manoj Tiwari,32,395,12640,2528,Gujarat
10-10-2024,Harsh Goel,Nestle Kit Kat Cone,Neha Desai,44,397,17468,3493.6,Delhi
10-10-2024,Rakesh Yadav,Nestle Rolo Potz,Arjun Malhotra,24,230,5520,1104,Karnataka
09-10-2024,Praveen Shetty,Nestle Nobby Bobby,Sneha Gupta,40,474,18960,3792,Himachal Pradesh
08-10-2024,Harsh Goel,Nestle Milky Bar Stick,Priya Patel,47,217,10199,2039.8,Karnataka
08-10-2024,Vishal Saxena,Nestle Rolo Potz,Riya Nair,39,220,8580,1716,Maharashtra
06-10-2024,Vivek Bansal,Nestle Kit Kat Cone,Deepak Chopra,40,437,17480,3496,Maharashtra
06-10-2024,Vishal Saxena,Nestle Milky Bar Stick,Vikram Reddy,39,357,13923,2784.6,West Bengal
04-10-2024,Kiran Rao,Nestle Fab,Sonal Saxena,22,287,6314,1262.8,Delhi
04-10-2024,Varun Kapoor,Nestle Rolo Potz,Anjali Verma,13,433,5629,1125.8,Rajasthan
01-10-2024,Divya Khurana,Nestle Milky Bar Stick,Pooja Iyer,21,245,5145,1029,Goa
29-09-2024,Suresh Menon,Nestle Fab,Ravi Pillai,33,475,15675,3135,Karnataka
29-09-2024,Anand Bakshi,Nestle Smarties Pop-Up,Sneha Gupta,49,335,16415,3283,Gujarat
27-09-2024,Praveen Shetty,Nestle Maxibon Cookie,Sanjay Mehta,10,476,4760,952,Karnataka
26-09-2024,Divya Khurana,Nestle Nobby Bobby,Sanjay Mehta,37,380,14060,2812,Rajasthan
25-09-2024,Manish Agarwal,Nestle Kit Kat Cone,Aditya Mishra,42,262,11004,2200.8,Telangana
23-09-2024,Nithin Rao,Nestle Rolo Potz,Amit Sharma,42,225,9450,1890,Gujarat
21-09-2024,Preeti Saini,Nestle Milky Bar Stick,Ravi Pillai,45,235,10575,2115,Delhi
20-09-2024,Rakesh Yadav,Nestle Fab,Meera Kulkarni,18,400,7200,1440,Rajasthan
19-09-2024,Manish Agarwal,Nestle Fab,Sneha Gupta,40,320,12800,2560,Goa
18-09-2024,Sandeep Kaur,Nestle Milky Bar Stick,Meera Kulkarni,10,498,4980,996,Himachal Pradesh
18-09-2024,Sandeep Kaur,Nestle Smarties Pop-Up,Karthik Gowda,42,321,13482,2696.4,Jharkhand
17-09-2024,Kiran Rao,Nestle Kit Kat Cone,Aditya Mishra,30,482,14460,2892,Kerala
17-09-2024,Alok Joshi,Nestle Toffee Crumble,Pooja Iyer,13,350,4550,910,Himachal Pradesh
16-09-2024,Sandeep Kaur,Nestle Maxibon Cookie,Meera Kulkarni,23,366,8418,1683.6,Kerala
13-09-2024,Vivek Bansal,Nestle Aero Mint Potz,Arjun Malhotra,17,473,8041,1608.2,Karnataka
13-09-2024,Manish Agarwal,Nestle Fab,Sanjay Mehta,22,228,5016,1003.2,Uttarakhand
11-09-2024,Preeti Saini,Nestle Milky Bar Stick,Arjun Malhotra,15,448,6720,1344,Karnataka
10-09-2024,Rohan Chatterjee,Nestle Aero Mint Potz,Kavita Joshi,42,314,13188,2637.6,Gujarat
10-09-2024,Vishal Saxena,Nestle Rolo Potz,Deepak Chopra,27,390,10530,2106,Jammu and Kashmir
10-09-2024,Harsh Goel,Nestle Rolo Potz,Rahul Singh,12,310,3720,744,West Bengal
09-09-2024,Divya Khurana,Nestle Rolo Potz,Pooja Iyer,19,322,6118,1223.6,Himachal Pradesh
09-09-2024,Vishal Saxena,Nestle Rolo Potz,Aditya Mishra,29,285,8265,1653,Kerala
07-09-2024,Harsh Goel,Nestle Rowntree Fruit Pastil,Neha Desai,21,342,7182,1436.4,Jharkhand
06-09-2024,Shweta Bhatia,Nestle Nobby Bobby,Neha Desai,44,471,20724,4144.8,Delhi
06-09-2024,Kiran Rao,Nestle Rolo Potz,Karthik Gowda,22,384,8448,1689.6,Maharashtra
05-09-2024,Harsh Goel,Nestle Fab,Manoj Tiwari,45,383,17235,3447,Kerala
05-09-2024,Manish Agarwal,Nestle Fab,Rajesh Kumar,46,301,13846,2769.2,Maharashtra
04-09-2024,Preeti Saini,Nestle Milky Bar Stick,Deepak Chopra,49,261,12789,2557.8,Delhi
03-09-2024,Rakesh Yadav,Nestle Fab,Rajesh Kumar,38,439,16682,3336.4,Uttarakhand
01-09-2024,Alok Joshi,Nestle Rolo Potz,Pooja Iyer,40,286,11440,2288,Maharashtra
31-08-2024,Vishal Saxena,Nestle Rolo Potz,Riya Nair,15,413,6195,1239,Goa
29-08-2024,Sandeep Kaur,Nestle Rolo Potz,Kavita Joshi,24,456,10944,2188.8,Rajasthan
28-08-2024,Swati Pandey,Nestle Aero Mint Potz,Manoj Tiwari,38,430,16340,3268,Jharkhand
28-08-2024,Suresh Menon,Nestle Fab,Deepak Chopra,37,496,18352,3670.4,Delhi
28-08-2024,Manish Agarwal,Nestle Milky Bar Stick,Deepak Chopra,20,312,6240,1248,Jammu and Kashmir
28-08-2024,Shweta Bhatia,Nestle Milky Bar Stick,Aditya Mishra,36,253,9108,1821.6,Maharashtra
28-08-2024,Shweta Bhatia,Nestle Rolo Potz,Priya Patel,33,442,14586,2917.2,Karnataka
27-08-2024,Nithin Rao,Nestle Kit Kat Cone,Anjali Verma,33,267,8811,1762.2,Uttar Pradesh
26-08-2024,Suresh Menon,Nestle Kit Kat Cone,Sneha Gupta,26,351,9126,1825.2,Rajasthan
26-08-2024,Shweta Bhatia,Nestle Milky Bar Stick,Sonal Saxena,38,280,10640,2128,Telangana
25-08-2024,Vivek Bansal,Nestle Rolo Potz,Rajesh Kumar,29,475,13775,2755,Delhi
25-08-2024,Tarun Jain,Nestle Rowntree Fruit Pastil,Meera Kulkarni,33,280,9240,1848,Jharkhand
24-08-2024,Harsh Goel,Nestle Maxibon Cookie,Amit Sharma,26,470,12220,2444,Uttar Pradesh
24-08-2024,Shweta Bhatia,Nestle Rolo Potz,Karthik Gowda,19,366,6954,1390.8,Goa
23-08-2024,Rohan Chatterjee,Nestle Fab,Karthik Gowda,22,320,7040,1408,Uttarakhand
20-08-2024,Kiran Rao,Nestle Milky Bar Stick,Karthik Gowda,50,474,23700,4740,Maharashtra
20-08-2024,Swati Pandey,Nestle Milky Bar Stick,Rahul Singh,12,297,3564,712.8,Delhi
20-08-2024,Shweta Bhatia,Nestle Nobby Bobby,Ravi Pillai,15,410,6150,1230,Telangana
19-08-2024,Praveen Shetty,Nestle Maxibon Cookie,Arjun Malhotra,42,436,18312,3662.4,Karnataka
18-08-2024,Swati Pandey,Nestle Milky Bar Stick,Rahul Singh,46,294,13524,2704.8,Uttarakhand
17-08-2024,Manish Agarwal,Nestle Fab,Meera Kulkarni,29,473,13717,2743.4,Delhi
16-08-2024,Preeti Saini,Nestle Smarties Pop-Up,Priya Patel,50,294,14700,2940,Rajasthan
16-08-2024,Swati Pandey,Nestle Toffee Crumble,Priya Patel,16,474,7584,1516.8,Jharkhand
15-08-2024,Rakesh Yadav,Nestle Kit Kat Cone,Arjun Malhotra,34,500,17000,3400,Jharkhand
13-08-2024,Nithin Rao,Nestle Fab,Ravi Pillai,47,224,10528,2105.6,Uttar Pradesh
13-08-2024,Tarun Jain,Nestle Nobby Bobby,Ravi Pillai,42,441,18522,3704.4,Delhi
13-08-2024,Anand Bakshi,Nestle Rowntree Fruit Pastil,Manoj Tiwari,19,414,7866,1573.2,Jharkhand
13-08-2024,Nithin Rao,Nestle Toffee Crumble,Sonal Saxena,10,318,3180,636,Gujarat
12-08-2024,Vishal Saxena,Nestle Fab,Neha Desai,18,235,4230,846,Delhi
12-08-2024,Varun Kapoor,Nestle Nobby Bobby,Neha Desai,42,386,16212,3242.4,Gujarat
11-08-2024,Geeta Bali,Nestle Rolo Potz,Anjali Verma,26,384,9984,1996.8,Kerala
09-08-2024,Kiran Rao,Nestle Fab,Sonal Saxena,41,245,10045,2009,Goa
08-08-2024,Rohan Chatterjee,Nestle Aero Mint Potz,Vikram Reddy,36,326,11736,2347.2,Telangana
08-08-2024,Nithin Rao,Nestle Fab,Kavita Joshi,38,493,18734,3746.8,Jammu and Kashmir
08-08-2024,Divya Khurana,Nestle Maxibon Cookie,Ravi Pillai,36,320,11520,2304,Rajasthan
08-08-2024,Manish Agarwal,Nestle Nobby Bobby,Rahul Singh,23,350,8050,1610,West Bengal
07-08-2024,Rohan Chatterjee,Nestle Rolo Potz,Kavita Joshi,12,287,3444,688.8,Delhi
06-08-2024,Vivek Bansal,Nestle Aero Mint Potz,Rajesh Kumar,23,323,7429,1485.8,Kerala
05-08-2024,Vishal Saxena,Nestle Smarties Pop-Up,Vikram Reddy,43,496,21328,4265.6,Jammu and Kashmir
04-08-2024,Anand Bakshi,Nestle Aero Mint Potz,Rahul Singh,27,335,9045,1809,Gujarat
04-08-2024,Alok Joshi,Nestle Rowntree Fruit Pastil,Vikram Reddy,28,293,8204,1640.8,Telangana
03-08-2024,Tarun Jain,Nestle Aero Mint Potz,Rahul Singh,37,392,14504,2900.8,Karnataka
03-08-2024,Alok Joshi,Nestle Maxibon Cookie,Neha Desai,29,296,8584,1716.8,Jharkhand
02-08-2024,Vivek Bansal,Nestle Smarties Pop-Up,Neha Desai,18,266,4788,957.6,Jammu and Kashmir
01-08-2024,Preeti Saini,Nestle Toffee Crumble,Meera Kulkarni,43,207,8901,1780.2,Gujarat
31-07-2024,Swati Pandey,Nestle Aero Mint Potz,Karthik Gowda,36,422,15192,3038.4,Uttar Pradesh
31-07-2024,Preeti Saini,Nestle Toffee Crumble,Arjun Malhotra,20,346,6920,1384,Rajasthan
29-07-2024,Varun Kapoor,Nestle Rowntree Fruit Pastil,Arjun Malhotra,33,446,14718,2943.6,Jammu and Kashmir
28-07-2024,Praveen Shetty,Nestle Fab,Kavita Joshi,15,392,5880,1176,Kerala
27-07-2024,Divya Khurana,Nestle Fab,Vikram Reddy,44,338,14872,2974.4,Gujarat
27-07-2024,Manish Agarwal,Nestle Nobby Bobby,Riya Nair,48,346,16608,3321.6,Jharkhand
26-07-2024,Rakesh Yadav,Nestle Smarties Pop-Up,Rajesh Kumar,30,233,6990,1398,Uttar Pradesh
25-07-2024,Nithin Rao,Nestle Rolo Potz,Neha Desai,37,462,17094,3418.8,Gujarat
25-07-2024,Suresh Menon,Nestle Rowntree Fruit Pastil,Deepak Chopra,30,223,6690,1338,Jharkhand
24-07-2024,Rakesh Yadav,Nestle Toffee Crumble,Rahul Singh,14,485,6790,1358,Gujarat
23-07-2024,Praveen Shetty,Nestle Aero Mint Potz,Pooja Iyer,39,393,15327,3065.4,Kerala
23-07-2024,Varun Kapoor,Nestle Maxibon Cookie,Riya Nair,23,363,8349,1669.8,Jharkhand
21-07-2024,Kiran Rao,Nestle Rowntree Fruit Pastil,Anjali Verma,42,447,18774,3754.8,Telangana
21-07-2024,Sandeep Kaur,Nestle Toffee Crumble,Sneha Gupta,17,416,7072,1414.4,West Bengal
19-07-2024,Geeta Bali,Nestle Smarties Pop-Up,Kavita Joshi,48,336,16128,3225.6,Kerala
18-07-2024,Rakesh Yadav,Nestle Smarties Pop-Up,Kavita Joshi,31,428,13268,2653.6,Jharkhand
17-07-2024,Sandeep Kaur,Nestle Rolo Potz,Vikram Reddy,34,302,10268,2053.6,Karnataka
17-07-2024,Manish Agarwal,Nestle Rolo Potz,Rajesh Kumar,14,243,3402,680.4,Gujarat
17-07-2024,Anand Bakshi,Nestle Rowntree Fruit Pastil,Sanjay Mehta,44,457,20108,4021.6,Uttar Pradesh
16-07-2024,Vivek Bansal,Nestle Maxibon Cookie,Rahul Singh,17,385,6545,1309,Maharashtra
15-07-2024,Alok Joshi,Nestle Kit Kat Cone,Vikram Reddy,24,497,11928,2385.6,Delhi
14-07-2024,Geeta Bali,Nestle Nobby Bobby,Aditya Mishra,23,431,9913,1982.6,Goa
14-07-2024,Suresh Menon,Nestle Rolo Potz,Sneha Gupta,21,243,5103,1020.6,Maharashtra
13-07-2024,Nithin Rao,Nestle Rolo Potz,Sanjay Mehta,31,366,11346,2269.2,West Bengal
12-07-2024,Nithin Rao,Nestle Fab,Amit Sharma,26,250,6500,1300,Karnataka
12-07-2024,Anand Bakshi,Nestle Fab,Kavita Joshi,42,211,8862,1772.4,West Bengal
08-07-2024,Vivek Bansal,Nestle Kit Kat Cone,Anjali Verma,30,377,11310,2262,Himachal Pradesh
07-07-2024,Vishal Saxena,Nestle Fab,Riya Nair,28,250,7000,1400,Rajasthan
06-07-2024,Kiran Rao,Nestle Aero Mint Potz,Neha Desai,36,288,10368,2073.6,Jammu and Kashmir
05-07-2024,Vivek Bansal,Nestle Maxibon Cookie,Arjun Malhotra,20,257,5140,1028,Rajasthan
04-07-2024,Preeti Saini,Nestle Milky Bar Stick,Ravi Pillai,13,497,6461,1292.2,Gujarat
04-07-2024,Preeti Saini,Nestle Milky Bar Stick,Sneha Gupta,47,245,11515,2303,Kerala
03-07-2024,Tarun Jain,Nestle Milky Bar Stick,Ravi Pillai,29,351,10179,2035.8,Gujarat
03-07-2024,Sandeep Kaur,Nestle Nobby Bobby,Meera Kulkarni,11,473,5203,1040.6,Karnataka
02-07-2024,Vivek Bansal,Nestle Aero Mint Potz,Priya Patel,15,337,5055,1011,Jharkhand
02-07-2024,Vishal Saxena,Nestle Nobby Bobby,Neha Desai,29,253,7337,1467.4,Delhi
02-07-2024,Sandeep Kaur,Nestle Smarties Pop-Up,Pooja Iyer,30,304,9120,1824,Uttarakhand
01-07-2024,Anand Bakshi,Nestle Fab,Sanjay Mehta,47,327,15369,3073.8,Uttar Pradesh
01-07-2024,Shweta Bhatia,Nestle Rowntree Fruit Pastil,Manoj Tiwari,25,452,11300,2260,Delhi
01-07-2024,Rakesh Yadav,Nestle Smarties Pop-Up,Anjali Verma,44,338,14872,2974.4,Kerala
30-06-2024,Vishal Saxena,Nestle Rolo Potz,Kavita Joshi,25,319,7975,1595,Rajasthan
30-06-2024,Rakesh Yadav,Nestle Smarties Pop-Up,Amit Sharma,40,452,18080,3616,Goa
29-06-2024,Vishal Saxena,Nestle Nobby Bobby,Sanjay Mehta,15,435,6525,1305,Himachal Pradesh
29-06-2024,Tarun Jain,Nestle Rowntree Fruit Pastil,Kavita Joshi,40,434,17360,3472,Himachal Pradesh
28-06-2024,Sandeep Kaur,Nestle Toffee Crumble,Neha Desai,26,282,7332,1466.4,Telangana
27-06-2024,Shweta Bhatia,Nestle Maxibon Cookie,Ravi Pillai,29,314,9106,1821.2,Telangana
27-06-2024,Praveen Shetty,Nestle Rowntree Fruit Pastil,Sonal Saxena,37,339,12543,2508.6,Goa
27-06-2024,Kiran Rao,Nestle Toffee Crumble,Rahul Singh,47,294,13818,2763.6,Kerala
27-06-2024,Harsh Goel,Nestle Toffee Crumble,Kavita Joshi,37,278,10286,2057.2,Jharkhand
25-06-2024,Swati Pandey,Nestle Nobby Bobby,Kavita Joshi,27,463,12501,2500.2,Kerala
25-06-2024,Divya Khurana,Nestle Rowntree Fruit Pastil,Arjun Malhotra,35,348,12180,2436,Delhi
24-06-2024,Preeti Saini,Nestle Milky Bar Stick,Aditya Mishra,49,315,15435,3087,Maharashtra
23-06-2024,Manish Agarwal,Nestle Smarties Pop-Up,Sneha Gupta,16,256,4096,819.2,Goa
22-06-2024,Preeti Saini,Nestle Maxibon Cookie,Meera Kulkarni,17,243,4131,826.2,Delhi
21-06-2024,Preeti Saini,Nestle Toffee Crumble,Sonal Saxena,42,404,16968,3393.6,Goa
20-06-2024,Geeta Bali,Nestle Milky Bar Stick,Sanjay Mehta,49,210,10290,2058,Kerala
19-06-2024,Divya Khurana,Nestle Kit Kat Cone,Anjali Verma,21,393,8253,1650.6,Kerala
19-06-2024,Harsh Goel,Nestle Kit Kat Cone,Ravi Pillai,24,285,6840,1368,Himachal Pradesh
17-06-2024,Shweta Bhatia,Nestle Kit Kat Cone,Rahul Singh,16,428,6848,1369.6,Telangana
17-06-2024,Sandeep Kaur,Nestle Maxibon Cookie,Pooja Iyer,26,479,12454,2490.8,Delhi
13-06-2024,Rohan Chatterjee,Nestle Milky Bar Stick,Amit Sharma,12,342,4104,820.8,Jammu and Kashmir
11-06-2024,Sandeep Kaur,Nestle Maxibon Cookie,Sneha Gupta,17,327,5559,1111.8,Delhi
11-06-2024,Shweta Bhatia,Nestle Toffee Crumble,Anjali Verma,30,455,13650,2730,Goa
09-06-2024,Tarun Jain,Nestle Fab,Meera Kulkarni,25,302,7550,1510,Telangana
09-06-2024,Praveen Shetty,Nestle Smarties Pop-Up,Meera Kulkarni,31,454,14074,2814.8,Rajasthan
06-06-2024,Rakesh Yadav,Nestle Fab,Sanjay Mehta,25,430,10750,2150,Uttarakhand
06-06-2024,Manish Agarwal,Nestle Fab,Meera Kulkarni,24,297,7128,1425.6,West Bengal
06-06-2024,Varun Kapoor,Nestle Rolo Potz,Priya Patel,35,379,13265,2653,Uttarakhand
06-06-2024,Vivek Bansal,Nestle Toffee Crumble,Priya Patel,26,473,12298,2459.6,Karnataka
05-06-2024,Shweta Bhatia,Nestle Fab,Arjun Malhotra,27,291,7857,1571.4,Himachal Pradesh
05-06-2024,Rakesh Yadav,Nestle Smarties Pop-Up,Deepak Chopra,36,283,10188,2037.6,Jammu and Kashmir
03-06-2024,Rakesh Yadav,Nestle Nobby Bobby,Amit Sharma,41,292,11972,2394.4,Gujarat
02-06-2024,Shweta Bhatia,Nestle Maxibon Cookie,Vikram Reddy,44,312,13728,2745.6,Uttarakhand
02-06-2024,Tarun Jain,Nestle Milky Bar Stick,Deepak Chopra,33,497,16401,3280.2,Jammu and Kashmir
01-06-2024,Swati Pandey,Nestle Maxibon Cookie,Manoj Tiwari,40,311,12440,2488,Telangana
01-06-2024,Kiran Rao,Nestle Rolo Potz,Ravi Pillai,32,464,14848,2969.6,Himachal Pradesh
01-06-2024,Nithin Rao,Nestle Toffee Crumble,Ravi Pillai,22,207,4554,910.8,Karnataka
31-05-2024,Sandeep Kaur,Nestle Fab,Arjun Malhotra,34,235,7990,1598,Kerala
31-05-2024,Praveen Shetty,Nestle Toffee Crumble,Rajesh Kumar,45,341,15345,3069,Maharashtra
28-05-2024,Harsh Goel,Nestle Maxibon Cookie,Priya Patel,18,363,6534,1306.8,Kerala
26-05-2024,Sandeep Kaur,Nestle Milky Bar Stick,Priya Patel,21,257,5397,1079.4,Telangana
24-05-2024,Anand Bakshi,Nestle Toffee Crumble,Pooja Iyer,32,308,9856,1971.2,Jammu and Kashmir
23-05-2024,Sandeep Kaur,Nestle Toffee Crumble,Anjali Verma,48,211,10128,2025.6,Kerala
22-05-2024,Geeta Bali,Nestle Rowntree Fruit Pastil,Rahul Singh,40,232,9280,1856,Maharashtra
21-05-2024,Preeti Saini,Nestle Aero Mint Potz,Riya Nair,29,323,9367,1873.4,Telangana
21-05-2024,Alok Joshi,Nestle Nobby Bobby,Sonal Saxena,35,361,12635,2527,Goa
18-05-2024,Rakesh Yadav,Nestle Smarties Pop-Up,Riya Nair,44,246,10824,2164.8,Himachal Pradesh
17-05-2024,Kiran Rao,Nestle Fab,Neha Desai,19,424,8056,1611.2,Karnataka
16-05-2024,Swati Pandey,Nestle Rowntree Fruit Pastil,Riya Nair,23,252,5796,1159.2,Rajasthan
15-05-2024,Varun Kapoor,Nestle Nobby Bobby,Anjali Verma,29,381,11049,2209.8,Rajasthan
15-05-2024,Swati Pandey,Nestle Rowntree Fruit Pastil,Ravi Pillai,24,250,6000,1200,Goa
14-05-2024,Rohan Chatterjee,Nestle Smarties Pop-Up,Sanjay Mehta,36,412,14832,2966.4,West Bengal
13-05-2024,Shweta Bhatia,Nestle Kit Kat Cone,Aditya Mishra,37,377,13949,2789.8,Maharashtra
11-05-2024,Divya Khurana,Nestle Maxibon Cookie,Priya Patel,31,489,15159,3031.8,Kerala
11-05-2024,Alok Joshi,Nestle Rowntree Fruit Pastil,Sonal Saxena,50,446,22300,4460,Uttarakhand
10-05-2024,Rohan Chatterjee,Nestle Aero Mint Potz,Neha Desai,25,297,7425,1485,Uttarakhand
09-05-2024,Praveen Shetty,Nestle Toffee Crumble,Deepak Chopra,49,281,13769,2753.8,Jammu and Kashmir
07-05-2024,Praveen Shetty,Nestle Toffee Crumble,Vikram Reddy,27,331,8937,1787.4,Gujarat
06-05-2024,Kiran Rao,Nestle Aero Mint Potz,Kavita Joshi,45,227,10215,2043,West Bengal
06-05-2024,Geeta Bali,Nestle Milky Bar Stick,Anjali Verma,28,490,13720,2744,Jammu and Kashmir
06-05-2024,Geeta Bali,Nestle Milky Bar Stick,Sneha Gupta,42,356,14952,2990.4,Himachal Pradesh
05-05-2024,Rohan Chatterjee,Nestle Rolo Potz,Anjali Verma,17,331,5627,1125.4,Gujarat
03-05-2024,Sandeep Kaur,Nestle Aero Mint Potz,Sonal Saxena,39,448,17472,3494.4,Jammu and Kashmir
03-05-2024,Swati Pandey,Nestle Milky Bar Stick,Priya Patel,18,467,8406,1681.2,Jammu and Kashmir
03-05-2024,Alok Joshi,Nestle Rowntree Fruit Pastil,Ravi Pillai,19,265,5035,1007,Goa
01-05-2024,Preeti Saini,Nestle Rolo Potz,Amit Sharma,30,446,13380,2676,Jharkhand
01-05-2024,Varun Kapoor,Nestle Rowntree Fruit Pastil,Arjun Malhotra,35,334,11690,2338,Gujarat
01-05-2024,Tarun Jain,Nestle Rowntree Fruit Pastil,Karthik Gowda,15,333,4995,999,Gujarat
28-04-2024,Vivek Bansal,Nestle Aero Mint Potz,Rahul Singh,46,383,17618,3523.6,Goa
28-04-2024,Varun Kapoor,Nestle Fab,Kavita Joshi,12,302,3624,724.8,Delhi
27-04-2024,Anand Bakshi,Nestle Smarties Pop-Up,Manoj Tiwari,36,285,10260,2052,Kerala
26-04-2024,Manish Agarwal,Nestle Aero Mint Potz,Kavita Joshi,44,413,18172,3634.4,Goa
26-04-2024,Manish Agarwal,Nestle Milky Bar Stick,Pooja Iyer,48,289,13872,2774.4,Gujarat
26-04-2024,Harsh Goel,Nestle Milky Bar Stick,Anjali Verma,21,277,5817,1163.4,Jammu and Kashmir
26-04-2024,Nithin Rao,Nestle Rowntree Fruit Pastil,Arjun Malhotra,14,488,6832,1366.4,Maharashtra
25-04-2024,Harsh Goel,Nestle Fab,Rahul Singh,35,482,16870,3374,Jammu and Kashmir
25-04-2024,Anand Bakshi,Nestle Milky Bar Stick,Rahul Singh,25,216,5400,1080,Uttar Pradesh
24-04-2024,Varun Kapoor,Nestle Aero Mint Potz,Kavita Joshi,29,347,10063,2012.6,Uttarakhand
24-04-2024,Vishal Saxena,Nestle Kit Kat Cone,Anjali Verma,37,314,11618,2323.6,Rajasthan
22-04-2024,Nithin Rao,Nestle Maxibon Cookie,Sanjay Mehta,14,494,6916,1383.2,Jharkhand
21-04-2024,Geeta Bali,Nestle Maxibon Cookie,Kavita Joshi,37,456,16872,3374.4,Goa
21-04-2024,Praveen Shetty,Nestle Maxibon Cookie,Sneha Gupta,40,439,17560,3512,Himachal Pradesh
21-04-2024,Preeti Saini,Nestle Milky Bar Stick,Ravi Pillai,45,283,12735,2547,Uttar Pradesh
20-04-2024,Divya Khurana,Nestle Rolo Potz,Karthik Gowda,46,406,18676,3735.2,West Bengal
19-04-2024,Divya Khurana,Nestle Kit Kat Cone,Manoj Tiwari,27,389,10503,2100.6,Kerala
19-04-2024,Harsh Goel,Nestle Rolo Potz,Sonal Saxena,40,448,17920,3584,Himachal Pradesh
19-04-2024,Rakesh Yadav,Nestle Rowntree Fruit Pastil,Riya Nair,49,412,20188,4037.6,Kerala
18-04-2024,Tarun Jain,Nestle Aero Mint Potz,Pooja Iyer,33,340,11220,2244,Jharkhand
18-04-2024,Manish Agarwal,Nestle Kit Kat Cone,Rajesh Kumar,15,344,5160,1032,Karnataka
18-04-2024,Anand Bakshi,Nestle Rolo Potz,Manoj Tiwari,13,351,4563,912.6,Rajasthan
18-04-2024,Alok Joshi,Nestle Smarties Pop-Up,Meera Kulkarni,48,213,10224,2044.8,Delhi
17-04-2024,Varun Kapoor,Nestle Aero Mint Potz,Arjun Malhotra,49,332,16268,3253.6,Delhi
17-04-2024,Manish Agarwal,Nestle Maxibon Cookie,Ravi Pillai,36,301,10836,2167.2,Uttar Pradesh
17-04-2024,Praveen Shetty,Nestle Milky Bar Stick,Neha Desai,14,471,6594,1318.8,Kerala
17-04-2024,Geeta Bali,Nestle Toffee Crumble,Meera Kulkarni,17,320,5440,1088,West Bengal
16-04-2024,Divya Khurana,Nestle Smarties Pop-Up,Ravi Pillai,38,480,18240,3648,Gujarat
15-04-2024,Anand Bakshi,Nestle Nobby Bobby,Pooja Iyer,15,297,4455,891,Jammu and Kashmir
14-04-2024,Varun Kapoor,Nestle Aero Mint Potz,Neha Desai,13,413,5369,1073.8,Kerala
14-04-2024,Vishal Saxena,Nestle Kit Kat Cone,Kavita Joshi,22,216,4752,950.4,Maharashtra
14-04-2024,Varun Kapoor,Nestle Maxibon Cookie,Priya Patel,32,405,12960,2592,Telangana
14-04-2024,Sandeep Kaur,Nestle Rolo Potz,Arjun Malhotra,26,308,8008,1601.6,Goa
13-04-2024,Tarun Jain,Nestle Fab,Ravi Pillai,36,270,9720,1944,Rajasthan
13-04-2024,Rakesh Yadav,Nestle Rowntree Fruit Pastil,Priya Patel,20,388,7760,1552,Telangana
12-04-2024,Tarun Jain,Nestle Rolo Potz,Priya Patel,36,276,9936,1987.2,Kerala
11-04-2024,Sandeep Kaur,Nestle Nobby Bobby,Karthik Gowda,37,261,9657,1931.4,Jammu and Kashmir
10-04-2024,Shweta Bhatia,Nestle Aero Mint Potz,Neha Desai,35,222,7770,1554,Maharashtra
10-04-2024,Tarun Jain,Nestle Maxibon Cookie,Sanjay Mehta,16,459,7344,1468.8,Delhi
10-04-2024,Rakesh Yadav,Nestle Maxibon Cookie,Vikram Reddy,13,420,5460,1092,Goa
10-04-2024,Preeti Saini,Nestle Nobby Bobby,Meera Kulkarni,15,291,4365,873,Jharkhand
09-04-2024,Alok Joshi,Nestle Aero Mint Potz,Aditya Mishra,30,491,14730,2946,Gujarat
09-04-2024,Vishal Saxena,Nestle Milky Bar Stick,Sonal Saxena,44,344,15136,3027.2,Kerala
08-04-2024,Alok Joshi,Nestle Milky Bar Stick,Rahul Singh,37,444,16428,3285.6,Karnataka
08-04-2024,Manish Agarwal,Nestle Nobby Bobby,Anjali Verma,18,415,7470,1494,Maharashtra
08-04-2024,Swati Pandey,Nestle Rolo Potz,Priya Patel,45,295,13275,2655,Goa
07-04-2024,Praveen Shetty,Nestle Maxibon Cookie,Priya Patel,21,391,8211,1642.2,Gujarat
07-04-2024,Rohan Chatterjee,Nestle Nobby Bobby,Deepak Chopra,28,356,9968,1993.6,Maharashtra
07-04-2024,Sandeep Kaur,Nestle Rolo Potz,Arjun Malhotra,46,434,19964,3992.8,Goa
06-04-2024,Harsh Goel,Nestle Kit Kat Cone,Karthik Gowda,36,464,16704,3340.8,Jharkhand
06-04-2024,Vishal Saxena,Nestle Toffee Crumble,Anjali Verma,28,426,11928,2385.6,Gujarat
05-04-2024,Anand Bakshi,Nestle Smarties Pop-Up,Meera Kulkarni,43,321,13803,2760.6,Jammu and Kashmir
04-04-2024,Tarun Jain,Nestle Nobby Bobby,Arjun Malhotra,25,424,10600,2120,Delhi
03-04-2024,Kiran Rao,Nestle Kit Kat Cone,Riya Nair,34,374,12716,2543.2,Maharashtra
03-04-2024,Nithin Rao,Nestle Rolo Potz,Sneha Gupta,12,487,5844,1168.8,Maharashtra
02-04-2024,Rakesh Yadav,Nestle Maxibon Cookie,Neha Desai,39,456,17784,3556.8,Himachal Pradesh
31-03-2024,Manish Agarwal,Nestle Smarties Pop-Up,Arjun Malhotra,12,235,2820,564,Himachal Pradesh
30-03-2024,Kiran Rao,Nestle Maxibon Cookie,Kavita Joshi,24,288,6912,1382.4,Goa
30-03-2024,Vivek Bansal,Nestle Milky Bar Stick,Priya Patel,10,235,2350,470,Karnataka
29-03-2024,Vivek Bansal,Nestle Toffee Crumble,Vikram Reddy,21,325,6825,1365,Karnataka
28-03-2024,Manish Agarwal,Nestle Fab,Priya Patel,12,428,5136,1027.2,Karnataka
27-03-2024,Manish Agarwal,Nestle Maxibon Cookie,Meera Kulkarni,28,473,13244,2648.8,Himachal Pradesh
27-03-2024,Rakesh Yadav,Nestle Nobby Bobby,Rahul Singh,43,409,17587,3517.4,Gujarat
27-03-2024,Nithin Rao,Nestle Rowntree Fruit Pastil,Arjun Malhotra,50,254,12700,2540,Maharashtra
26-03-2024,Vishal Saxena,Nestle Aero Mint Potz,Deepak Chopra,33,340,11220,2244,Rajasthan
26-03-2024,Divya Khurana,Nestle Rolo Potz,Vikram Reddy,44,357,15708,3141.6,Jharkhand
26-03-2024,Manish Agarwal,Nestle Smarties Pop-Up,Kavita Joshi,48,247,11856,2371.2,Jharkhand
22-03-2024,Divya Khurana,Nestle Maxibon Cookie,Deepak Chopra,39,304,11856,2371.2,Uttarakhand
22-03-2024,Manish Agarwal,Nestle Nobby Bobby,Sanjay Mehta,30,483,14490,2898,Uttarakhand
22-03-2024,Preeti Saini,Nestle Nobby Bobby,Amit Sharma,23,342,7866,1573.2,Goa
22-03-2024,Harsh Goel,Nestle Smarties Pop-Up,Ravi Pillai,22,400,8800,1760,Delhi
21-03-2024,Shweta Bhatia,Nestle Nobby Bobby,Aditya Mishra,43,419,18017,3603.4,Goa
21-03-2024,Suresh Menon,Nestle Nobby Bobby,Meera Kulkarni,34,329,11186,2237.2,Goa
21-03-2024,Kiran Rao,Nestle Smarties Pop-Up,Vikram Reddy,13,409,5317,1063.4,Delhi
20-03-2024,Tarun Jain,Nestle Kit Kat Cone,Meera Kulkarni,16,428,6848,1369.6,Maharashtra
20-03-2024,Anand Bakshi,Nestle Maxibon Cookie,Karthik Gowda,26,288,7488,1497.6,Telangana
20-03-2024,Tarun Jain,Nestle Milky Bar Stick,Rahul Singh,18,410,7380,1476,Kerala
20-03-2024,Nithin Rao,Nestle Nobby Bobby,Sanjay Mehta,24,489,11736,2347.2,West Bengal
19-03-2024,Rohan Chatterjee,Nestle Toffee Crumble,Karthik Gowda,22,434,9548,1909.6,Karnataka
18-03-2024,Manish Agarwal,Nestle Rowntree Fruit Pastil,Riya Nair,46,449,20654,4130.8,Delhi
17-03-2024,Nithin Rao,Nestle Fab,Arjun Malhotra,19,287,5453,1090.6,Jammu and Kashmir
17-03-2024,Preeti Saini,Nestle Milky Bar Stick,Aditya Mishra,38,301,11438,2287.6,Maharashtra
17-03-2024,Vishal Saxena,Nestle Rolo Potz,Sonal Saxena,40,462,18480,3696,Uttar Pradesh
17-03-2024,Vivek Bansal,Nestle Rowntree Fruit Pastil,Pooja Iyer,12,322,3864,772.8,West Bengal
14-03-2024,Divya Khurana,Nestle Maxibon Cookie,Kavita Joshi,23,342,7866,1573.2,Rajasthan
14-03-2024,Suresh Menon,Nestle Maxibon Cookie,Vikram Reddy,16,342,5472,1094.4,Himachal Pradesh
14-03-2024,Harsh Goel,Nestle Maxibon Cookie,Riya Nair,19,205,3895,779,Karnataka
14-03-2024,Geeta Bali,Nestle Nobby Bobby,Sanjay Mehta,20,303,6060,1212,Uttar Pradesh
14-03-2024,Tarun Jain,Nestle Rolo Potz,Sneha Gupta,23,337,7751,1550.2,Himachal Pradesh
13-03-2024,Suresh Menon,Nestle Fab,Sneha Gupta,26,353,9178,1835.6,Jharkhand
13-03-2024,Vivek Bansal,Nestle Kit Kat Cone,Riya Nair,23,413,9499,1899.8,Maharashtra
13-03-2024,Manish Agarwal,Nestle Nobby Bobby,Vikram Reddy,29,443,12847,2569.4,Uttarakhand
13-03-2024,Rohan Chatterjee,Nestle Rolo Potz,Ravi Pillai,46,335,15410,3082,Goa
11-03-2024,Kiran Rao,Nestle Smarties Pop-Up,Rajesh Kumar,22,309,6798,1359.6,Maharashtra
11-03-2024,Shweta Bhatia,Nestle Smarties Pop-Up,Rajesh Kumar,48,259,12432,2486.4,West Bengal
10-03-2024,Rakesh Yadav,Nestle Aero Mint Potz,Vikram Reddy,28,489,13692,2738.4,Telangana
10-03-2024,Swati Pandey,Nestle Aero Mint Potz,Meera Kulkarni,24,271,6504,1300.8,Uttarakhand
07-03-2024,Rakesh Yadav,Nestle Aero Mint Potz,Anjali Verma,23,223,5129,1025.8,Jammu and Kashmir
07-03-2024,Vivek Bansal,Nestle Fab,Deepak Chopra,19,330,6270,1254,Jammu and Kashmir
07-03-2024,Alok Joshi,Nestle Maxibon Cookie,Rahul Singh,19,466,8854,1770.8,Maharashtra
06-03-2024,Vivek Bansal,Nestle Rowntree Fruit Pastil,Riya Nair,30,225,6750,1350,Uttar Pradesh
06-03-2024,Nithin Rao,Nestle Toffee Crumble,Aditya Mishra,12,244,2928,585.6,Himachal Pradesh
04-03-2024,Sandeep Kaur,Nestle Aero Mint Potz,Riya Nair,24,293,7032,1406.4,Kerala
04-03-2024,Kiran Rao,Nestle Rowntree Fruit Pastil,Sneha Gupta,12,497,5964,1192.8,Himachal Pradesh
01-03-2024,Divya Khurana,Nestle Milky Bar Stick,Meera Kulkarni,23,298,6854,1370.8,West Bengal
29-02-2024,Varun Kapoor,Nestle Smarties Pop-Up,Manoj Tiwari,40,250,10000,2000,Karnataka
28-02-2024,Divya Khurana,Nestle Milky Bar Stick,Pooja Iyer,20,213,4260,852,Goa
28-02-2024,Swati Pandey,Nestle Toffee Crumble,Priya Patel,28,409,11452,2290.4,West Bengal
24-02-2024,Shweta Bhatia,Nestle Maxibon Cookie,Karthik Gowda,41,420,17220,3444,Kerala
24-02-2024,Shweta Bhatia,Nestle Milky Bar Stick,Anjali Verma,22,441,9702,1940.4,Uttar Pradesh
22-02-2024,Rakesh Yadav,Nestle Smarties Pop-Up,Priya Patel,19,297,5643,1128.6,Uttar Pradesh
20-02-2024,Swati Pandey,Nestle Milky Bar Stick,Karthik Gowda,11,431,4741,948.2,Jammu and Kashmir
20-02-2024,Anand Bakshi,Nestle Smarties Pop-Up,Neha Desai,37,407,15059,3011.8,Kerala
19-02-2024,Rohan Chatterjee,Nestle Rowntree Fruit Pastil,Rajesh Kumar,12,339,4068,813.6,Jharkhand
18-02-2024,Preeti Saini,Nestle Aero Mint Potz,Rahul Singh,28,318,8904,1780.8,Goa
18-02-2024,Sandeep Kaur,Nestle Rowntree Fruit Pastil,Manoj Tiwari,26,430,11180,2236,Himachal Pradesh
18-02-2024,Alok Joshi,Nestle Smarties Pop-Up,Neha Desai,34,273,9282,1856.4,Goa
17-02-2024,Nithin Rao,Nestle Milky Bar Stick,Deepak Chopra,13,269,3497,699.4,Uttar Pradesh
17-02-2024,Varun Kapoor,Nestle Rowntree Fruit Pastil,Pooja Iyer,31,467,14477,2895.4,Rajasthan
16-02-2024,Alok Joshi,Nestle Fab,Arjun Malhotra,14,453,6342,1268.4,West Bengal
16-02-2024,Vishal Saxena,Nestle Rowntree Fruit Pastil,Aditya Mishra,32,284,9088,1817.6,Karnataka
16-02-2024,Shweta Bhatia,Nestle Smarties Pop-Up,Riya Nair,45,306,13770,2754,Telangana
15-02-2024,Kiran Rao,Nestle Milky Bar Stick,Anjali Verma,33,446,14718,2943.6,Uttar Pradesh
15-02-2024,Geeta Bali,Nestle Milky Bar Stick,Sonal Saxena,18,223,4014,802.8,Himachal Pradesh
15-02-2024,Preeti Saini,Nestle Rowntree Fruit Pastil,Rahul Singh,30,212,6360,1272,West Bengal
14-02-2024,Nithin Rao,Nestle Smarties Pop-Up,Kavita Joshi,50,376,18800,3760,Uttar Pradesh
14-02-2024,Shweta Bhatia,Nestle Smarties Pop-Up,Riya Nair,20,273,5460,1092,Delhi
13-02-2024,Divya Khurana,Nestle Nobby Bobby,Manoj Tiwari,33,237,7821,1564.2,Telangana
11-02-2024,Divya Khurana,Nestle Aero Mint Potz,Karthik Gowda,40,224,8960,1792,Delhi
11-02-2024,Rakesh Yadav,Nestle Milky Bar Stick,Neha Desai,11,456,5016,1003.2,Uttar Pradesh
11-02-2024,Harsh Goel,Nestle Toffee Crumble,Meera Kulkarni,40,473,18920,3784,Kerala
11-02-2024,Divya Khurana,Nestle Toffee Crumble,Vikram Reddy,44,214,9416,1883.2,Telangana
10-02-2024,Vishal Saxena,Nestle Smarties Pop-Up,Rahul Singh,47,493,23171,4634.2,Goa
09-02-2024,Anand Bakshi,Nestle Rowntree Fruit Pastil,Sneha Gupta,42,408,17136,3427.2,West Bengal
08-02-2024,Suresh Menon,Nestle Aero Mint Potz,Ravi Pillai,30,420,12600,2520,Gujarat
08-02-2024,Alok Joshi,Nestle Milky Bar Stick,Anjali Verma,20,418,8360,1672,Rajasthan
07-02-2024,Vishal Saxena,Nestle Toffee Crumble,Amit Sharma,16,402,6432,1286.4,Goa
05-02-2024,Rakesh Yadav,Nestle Rowntree Fruit Pastil,Rajesh Kumar,42,219,9198,1839.6,Goa
04-02-2024,Geeta Bali,Nestle Maxibon Cookie,Sneha Gupta,43,378,16254,3250.8,Maharashtra
04-02-2024,Vivek Bansal,Nestle Maxibon Cookie,Amit Sharma,44,271,11924,2384.8,Maharashtra
03-02-2024,Varun Kapoor,Nestle Aero Mint Potz,Rahul Singh,38,469,17822,3564.4,Goa
03-02-2024,Manish Agarwal,Nestle Smarties Pop-Up,Kavita Joshi,26,213,5538,1107.6,Jharkhand
02-02-2024,Harsh Goel,Nestle Kit Kat Cone,Aditya Mishra,29,289,8381,1676.2,Delhi
02-02-2024,Rohan Chatterjee,Nestle Smarties Pop-Up,Sneha Gupta,16,422,6752,1350.4,Goa
02-02-2024,Suresh Menon,Nestle Smarties Pop-Up,Aditya Mishra,36,278,10008,2001.6,Goa
01-02-2024,Geeta Bali,Nestle Maxibon Cookie,Priya Patel,22,238,5236,1047.2,Uttar Pradesh
28-01-2024,Vishal Saxena,Nestle Kit Kat Cone,Pooja Iyer,31,413,12803,2560.6,West Bengal
27-01-2024,Rohan Chatterjee,Nestle Rowntree Fruit Pastil,Sneha Gupta,48,433,20784,4156.8,Uttarakhand
27-01-2024,Harsh Goel,Nestle Rowntree Fruit Pastil,Deepak Chopra,37,226,8362,1672.4,Gujarat
26-01-2024,Praveen Shetty,Nestle Kit Kat Cone,Meera Kulkarni,33,318,10494,2098.8,Karnataka
26-01-2024,Anand Bakshi,Nestle Maxibon Cookie,Vikram Reddy,43,339,14577,2915.4,Rajasthan
25-01-2024,Rohan Chatterjee,Nestle Kit Kat Cone,Aditya Mishra,45,341,15345,3069,Gujarat
25-01-2024,Suresh Menon,Nestle Kit Kat Cone,Arjun Malhotra,47,319,14993,2998.6,Uttar Pradesh
23-01-2024,Shweta Bhatia,Nestle Aero Mint Potz,Sanjay Mehta,36,414,14904,2980.8,Uttar Pradesh
23-01-2024,Nithin Rao,Nestle Maxibon Cookie,Aditya Mishra,24,357,8568,1713.6,Uttarakhand
23-01-2024,Harsh Goel,Nestle Maxibon Cookie,Sonal Saxena,19,203,3857,771.4,Telangana
23-01-2024,Praveen Shetty,Nestle Nobby Bobby,Riya Nair,12,448,5376,1075.2,Jharkhand
22-01-2024,Swati Pandey,Nestle Aero Mint Potz,Aditya Mishra,20,482,9640,1928,Kerala
22-01-2024,Geeta Bali,Nestle Kit Kat Cone,Meera Kulkarni,33,406,13398,2679.6,Gujarat
22-01-2024,Vishal Saxena,Nestle Maxibon Cookie,Manoj Tiwari,39,370,14430,2886,Jammu and Kashmir
20-01-2024,Vishal Saxena,Nestle Aero Mint Potz,Arjun Malhotra,36,349,12564,2512.8,Karnataka
19-01-2024,Varun Kapoor,Nestle Fab,Amit Sharma,38,430,16340,3268,Jammu and Kashmir
19-01-2024,Suresh Menon,Nestle Fab,Kavita Joshi,29,317,9193,1838.6,Jharkhand
19-01-2024,Praveen Shetty,Nestle Rowntree Fruit Pastil,Amit Sharma,34,381,12954,2590.8,West Bengal
18-01-2024,Geeta Bali,Nestle Kit Kat Cone,Priya Patel,26,411,10686,2137.2,Himachal Pradesh
17-01-2024,Praveen Shetty,Nestle Nobby Bobby,Amit Sharma,49,415,20335,4067,Rajasthan
17-01-2024,Rakesh Yadav,Nestle Rolo Potz,Priya Patel,46,399,18354,3670.8,Uttar Pradesh
16-01-2024,Suresh Menon,Nestle Maxibon Cookie,Meera Kulkarni,20,237,4740,948,Himachal Pradesh
16-01-2024,Divya Khurana,Nestle Rolo Potz,Anjali Verma,46,318,14628,2925.6,Gujarat
16-01-2024,Alok Joshi,Nestle Toffee Crumble,Ravi Pillai,30,375,11250,2250,Himachal Pradesh
15-01-2024,Alok Joshi,Nestle Maxibon Cookie,Meera Kulkarni,23,297,6831,1366.2,Telangana
13-01-2024,Praveen Shetty,Nestle Rolo Potz,Amit Sharma,22,268,5896,1179.2,Goa
13-01-2024,Sandeep Kaur,Nestle Smarties Pop-Up,Amit Sharma,42,208,8736,1747.2,Uttarakhand
12-01-2024,Harsh Goel,Nestle Milky Bar Stick,Karthik Gowda,33,215,7095,1419,Uttarakhand
11-01-2024,Preeti Saini,Nestle Maxibon Cookie,Karthik Gowda,31,420,13020,2604,West Bengal
11-01-2024,Rakesh Yadav,Nestle Toffee Crumble,Sanjay Mehta,31,415,12865,2573,Goa
10-01-2024,Tarun Jain,Nestle Aero Mint Potz,Priya Patel,45,308,13860,2772,Jharkhand
10-01-2024,Preeti Saini,Nestle Toffee Crumble,Deepak Chopra,27,351,9477,1895.4,West Bengal
09-01-2024,Rakesh Yadav,Nestle Smarties Pop-Up,Manoj Tiwari,20,270,5400,1080,Delhi
08-01-2024,Swati Pandey,Nestle Fab,Arjun Malhotra,21,408,8568,1713.6,Maharashtra
07-01-2024,Varun Kapoor,Nestle Aero Mint Potz,Rahul Singh,12,409,4908,981.6,Kerala
07-01-2024,Manish Agarwal,Nestle Maxibon Cookie,Riya Nair,31,304,9424,1884.8,Jammu and Kashmir
07-01-2024,Shweta Bhatia,Nestle Rowntree Fruit Pastil,Manoj Tiwari,42,345,14490,2898,Gujarat
05-01-2024,Praveen Shetty,Nestle Fab,Sonal Saxena,37,306,11322,2264.4,Jharkhand
05-01-2024,Swati Pandey,Nestle Nobby Bobby,Karthik Gowda,46,496,22816,4563.2,Delhi
03-01-2024,Rohan Chatterjee,Nestle Milky Bar Stick,Kavita Joshi,23,386,8878,1775.6,Jammu and Kashmir
03-01-2024,Swati Pandey,Nestle Toffee Crumble,Vikram Reddy,30,209,6270,1254,West Bengal
